Unnamed: 0,Employee_ID,Has_Response,Vibe_Score,Has_Award,Has_Activity,Teams_Messages_Sent,Emails_Sent,Meetings_Attended,Work_Hours,Leave_Days,Promotion_Consideration,Performance_Rating,Cluster,Total_Communications,Activity_Performance_Ratio,Leave_Anomaly,Is_Inactive,Engagement_Deficit,Effort_Score,Performance_Effort_Misalignment,Expected_Awards,Recognition_Imbalance,Work_Hours_Z,Work_Pattern_Anomalies,Career_Progression_Stagnation,Anomaly_Score,Activity_Level,Vibe_Score_Z,Performance_Rating_Z,Peer_Deviation,Risk_Score,Risk_Level
0,EMP0001,0,0.0,1,0,0.0,0.0,0.0,0.0,6.0,0.0,2.6666666666666665,2,0.0,0.0,0.19653022499322306,1,10.0,0.0,0.0,1.8666666666666665,9.333333333333332,-0.5919230664326427,2.9000955622951112,10.0,0,Low,-0.9007001275193506,1.1182235829099996,0.8702822589539977,6.335014334344266,High
1,EMP0002,1,0.1666666666666666,1,2,75.0,15.0,15.0,12.5,18.0,0.6666666666666666,2.0,0,105.0,50.0,1.410409325020331,0,3.666666666666668,5.583333333333334,0.5833333333333339,1.4,3.6666666666666665,-0.6417744889470728,8.483705640483445,3.333333333333334,0,High,-0.6618807762001113,0.5590099509735319,0.620888405373572,3.5683891794058504,Moderate
2,EMP0003,2,0.6666666666666666,2,1,16.0,28.0,2.0,4.09,0.0,0.0,1.0,1,46.0,41.81818181818181,1.0,0,1.666666666666667,2.215,0.0,0.7,5.0,-1.2694785350133682,5.821617787602027,10.0,0,Medium,-0.027304666452993242,-0.07925085421125004,0.4586780185592038,3.6232426681403043,Moderate
3,EMP0004,1,0.6666666666666666,3,0,0.0,0.0,0.0,0.0,0.0,0.0,3.0,2,0.0,0.0,1.0,1,5.166666666666667,0.0,0.0,2.0999999999999996,5.0,-0.5919230664326427,6.917444437328996,10.0,0,Low,-0.1469431817237672,1.3867607799745119,0.7085423427103072,4.837616665599349,Moderate
4,EMP0005,2,1.8,0,2,27.0,32.0,12.0,14.75,4.0,0.0,0.0,0,71.0,710.0,0.4643534833288154,0,0.0,4.824999999999999,4.824999999999999,0.0,5.0,-0.30058869296170615,4.356265053513808,10.0,0,High,2.1216208253854645,-1.0785702586849655,1.1669265923440453,4.109689758027071,Moderate
5,EMP0006,3,1.2857142857142858,0,2,95.0,34.0,11.0,12.39,0.0,1.0,2.0,0,140.0,66.66666666666666,1.0,0,0.0,6.731666666666667,1.7316666666666674,1.4,7.0,-0.6584546834174684,6.402186904997935,0.0,1,High,1.2451830033118723,0.5590099509735319,0.8208825459009574,2.443244702416357,Low
6,EMP0007,0,0.0,1,0,0.0,0.0,0.0,0.0,25.0,0.0,0.6666666666666666,2,0.0,0.0,2.347790729194904,1,10.0,0.0,0.0,0.4666666666666666,5.0,-0.5919230664326427,10.0,10.0,0,Low,-0.9007001275193506,-0.4929995994770728,0.6618742644763553,6.75,High
7,EMP0008,1,0.8,1,0,0.0,0.0,0.0,0.0,33.0,0.0,0.0,2,0.0,0.0,3.4190837625372734,1,4.5,0.0,0.0,0.0,5.0,-0.5919230664326427,10.0,10.0,0,Low,0.0038082074353495724,-1.030073993606097,0.5419350891580298,5.1,Moderate
8,EMP0009,1,0.4444444444444444,4,2,44.0,50.0,2.0,16.28,14.0,0.8888888888888888,0.8888888888888888,0,96.0,97.07865168539327,0.8747628083491462,0,2.2777777777777777,5.913333333333334,3.6911111111111117,0.6222222222222221,0.5555555555555558,-0.06858235169165665,6.818241941227262,1.1111111111111116,0,High,-0.18849615008011542,-0.35075683217007775,0.20261177798061658,2.878847402295201,Low
9,EMP0010,1,0.5714285714285714,0,2,42.0,43.0,5.0,18.72,12.0,0.0,2.571428571428572,0,90.0,33.689839572192504,0.6069395500135538,0,1.6428571428571432,6.12,0.0,1.8000000000000003,10.0,0.3014146892880295,6.132870643518445,10.0,0,High,0.02790825043188268,1.0268900108759602,0.45207098353195746,4.4127877393849095,Moderate
10,EMP0011,2,1.4,1,2,20.0,34.0,4.0,16.73,0.0,1.0,3.0,0,58.0,18.70967741935484,1.0,0,0.0,4.721666666666667,0.0,2.0999999999999996,5.499999999999998,2.649248782300015,7.56499562377912,0.0,0,Medium,1.040799555211455,1.5516676830743226,1.7472386735285976,1.9597493435668676,Low
11,EMP0012,1,0.8571428571428571,1,1,12.0,11.0,7.0,9.24,10.0,0.8571428571428571,0.8571428571428571,2,30.0,31.343283582089555,0.33911629167796153,0,2.2142857142857144,2.54,0.39714285714285724,0.6,0.7142857142857145,2.1808736465409835,2.2537942933046247,1.428571428571429,0,Low,0.06841594564639947,-0.33954977258306585,0.8629464549234829,1.423069143995694,Low
12,EMP0013,1,0.6666666666666666,0,1,34.0,29.0,9.0,4.0,0.0,0.0,1.0,2,72.0,65.45454545454545,1.0,0,3.166666666666667,3.0666666666666664,0.5666666666666664,0.7,8.5,-1.9306986071140133,5.845731332461544,10.0,0,High,0.19021155081588126,-0.2597801538557168,0.7935634372618705,4.743526366535898,Moderate
13,EMP0014,1,0.3333333333333333,0,3,73.0,58.0,10.0,19.98,4.0,0.0,0.0,0,141.0,1410.0,0.4643534833288154,0,0.8333333333333339,8.03,8.03,0.0,5.0,0.492478735039835,5.757529938128,10.0,0,High,-0.37785000052811374,-1.0785702586849655,0.6496329980843047,5.3711294907192,Moderate
14,EMP0015,0,0.0,3,0,0.0,0.0,0.0,0.0,31.0,0.0,0.0,2,0.0,0.0,3.151260504201681,1,10.0,0.0,0.0,0.0,5.0,-0.5919230664326427,10.0,10.0,0,Low,-0.9007001275193506,-1.030073993606097,0.8408990625193633,6.75,High
15,EMP0016,2,1.4,1,0,0.0,0.0,0.0,0.0,14.0,0.0,0.0,1,0.0,0.0,0.8747628083491462,1,0.0,0.0,0.0,0.0,5.0,-0.5919230664326427,6.291258479074727,10.0,0,Low,0.6821894586513745,-1.030073993606097,0.7680621728967049,3.193688771861209,Moderate
16,EMP0017,2,1.6,1,1,22.0,17.0,7.0,9.56,3.0,0.8,0.8,1,46.0,51.11111111111111,0.5982651124966115,0,0.0,3.126666666666667,1.126666666666667,0.5599999999999999,0.9999999999999998,0.42636311258981285,3.6352754457872707,1.9999999999999996,0,Medium,1.3321007065744868,-0.24234270793980728,0.6669355090347023,1.276957983534757,Low
17,EMP0018,1,0.25,2,0,0.0,0.0,0.0,0.0,0.0,0.0,3.0,2,0.0,0.0,1.0,1,7.25,0.0,0.0,2.0999999999999996,5.499999999999998,-0.5919230664326427,6.917444437328996,10.0,0,Low,-0.6180412728460067,1.3867607799745119,0.8655750397510538,5.537616665599349,Moderate
18,EMP0019,3,1.6,1,1,16.0,23.0,4.0,7.25,0.0,1.0,2.0,1,43.0,20.476190476190474,1.0,0,0.0,2.6416666666666666,0.0,1.4,1.9999999999999996,-0.2897967056850223,5.02503556524326,0.0,0,Medium,1.3321007065744868,0.7362084144315363,0.7860352755636818,1.053755334786489,Low
19,EMP0020,0,0.0,2,2,36.0,29.0,7.0,14.08,9.0,0.6666666666666666,2.0,0,72.0,34.285714285714285,0.2052046625101654,0,6.0,4.746666666666666,0.0,1.4,1.666666666666667,-0.40218624109957085,2.88100900435526,3.333333333333334,0,High,-0.9459115518721087,0.5590099509735319,0.6357025813150705,2.9821513506532886,Low
20,EMP0021,0,0.0,0,1,42.0,8.0,5.0,4.43,5.0,0.0,0.0,2,55.0,550.0,0.33044185416101923,0,8.0,2.5716666666666663,2.5716666666666663,0.0,5.0,-1.1640697305919638,2.38273144449339,10.0,0,Medium,-0.9983085043297645,-0.8947101228540364,1.0190294525919217,5.650326383340675,Moderate
21,EMP0022,1,1.25,1,1,9.0,22.0,1.0,9.92,12.0,0.75,3.0,1,32.0,10.32258064516129,0.6069395500135538,0,0.25,2.7199999999999998,0.0,2.0999999999999996,6.749999999999998,2.384932279097484,3.775101812810053,2.5,0,Low,0.5125941458473683,1.3867607799745119,1.4280957349731214,2.0287652719215075,Low
22,EMP0023,2,1.2,0,1,13.0,5.0,6.0,4.92,0.0,0.0,2.0,1,24.0,11.428571428571429,1.0,0,0.0,1.62,0.0,1.4,10.0,0.8845011573585089,5.5992373183420305,10.0,0,Low,0.4560623749126995,0.5811491887809755,0.6405709070173946,3.8398855977513047,Moderate
23,EMP0024,1,1.25,1,0,0.0,0.0,0.0,0.0,19.0,0.5,1.5,1,0.0,0.0,1.544320954188127,1,2.25,0.0,0.0,1.0499999999999998,2.749999999999999,-0.5919230664326427,9.63904920826963,5.0,0,Low,0.5125941458473683,0.17834339318420744,0.42762020182140614,3.283357381240444,Moderate
24,EMP0025,0,0.0,1,0,0.0,0.0,0.0,0.0,4.0,0.0,0.0,2,0.0,0.0,0.4643534833288154,1,10.0,0.0,0.0,0.0,5.0,-0.5919230664326427,4.239211853973073,10.0,0,Low,-0.9007001275193506,-1.030073993606097,0.8408990625193633,5.8858817780959605,Moderate
25,EMP0026,2,1.125,0,3,56.0,69.0,19.0,22.66,32.0,0.0,1.875,0,144.0,72.91139240506328,3.285172133369477,0,0.0,8.576666666666666,3.889166666666666,1.3125,10.0,0.8988689275912939,10.0,10.0,1,High,0.9712961839138745,0.4566611878698758,0.7756087664583481,5.472291666666667,Moderate
26,EMP0027,1,1.0,0,1,36.0,16.0,6.0,4.94,13.0,0.0,0.8333333333333334,2,58.0,62.14285714285714,0.74085117918135,0,1.5,2.756666666666667,0.6733333333333333,0.5833333333333334,7.916666666666667,-1.0059565239598571,4.298134648724443,10.0,0,Medium,0.4581972524853925,-0.21516073231838106,0.5597715029212103,3.950553530642,Moderate
27,EMP0028,1,0.5,0,1,15.0,15.0,6.0,5.67,13.0,0.0,2.25,2,36.0,15.319148936170212,0.74085117918135,0,4.0,2.145,0.0,1.575,10.0,1.109565825619355,4.102547007086134,10.0,0,Low,-0.335382418172663,0.7825520865793596,0.7425001101237925,4.815382051062921,Moderate
28,EMP0029,0,0.0,0,1,37.0,29.0,3.0,8.19,0.0,0.0,4.0,2,69.0,16.82926829268293,1.0,0,8.0,3.665,0.0,2.8,10.0,-1.2953348359234862,5.276888144887111,10.0,0,High,-0.9459115518721087,2.1965901606320295,1.4792788494758746,6.191533221733066,High
29,EMP0030,0,0.0,1,2,34.0,18.0,9.0,16.8,0.0,0.0,0.0,0,61.0,610.0,1.0,0,6.0,4.833333333333334,4.833333333333334,0.0,5.0,2.67095059497501,7.5837506031143,10.0,0,Medium,-0.9983085043297645,-0.8947101228540364,1.5213230740529369,6.395895923800478,High
30,EMP0031,1,0.25,1,1,39.0,6.0,2.0,5.88,0.0,0.0,0.0,2,47.0,470.0,1.0,0,5.25,2.546666666666667,2.546666666666667,0.0,5.0,-0.7145321823242102,5.342026173173842,10.0,0,Medium,-0.6341820651259753,-0.8947101228540364,0.7478081234347407,5.262970592642743,Moderate
31,EMP0032,0,0.0,0,2,40.0,13.0,7.0,13.240000000000002,4.0,0.0,2.6666666666666665,0,60.0,21.686746987951807,0.4643534833288154,0,6.0,4.206666666666667,0.0,1.8666666666666665,10.0,1.5672584075038363,3.951693356426346,10.0,0,Medium,-0.9983085043297645,1.2798479268600604,1.2818049462312204,5.392754003463952,Moderate
32,EMP0033,1,2.0,0,1,14.0,6.0,0.0,6.25,0.0,1.0,2.0,1,20.0,9.523809523809524,1.0,0,0.0,1.7083333333333335,0.0,1.4,7.0,1.2836158357410763,5.242892710973603,0.0,0,Low,1.3605707098673996,0.5811491887809755,1.0751119114631507,1.8364339066460404,Low
33,EMP0034,1,1.25,0,1,3.0,15.0,6.0,5.31,7.0,0.0,2.25,1,24.0,10.212765957446807,0.0626185958254269,0,0.25,1.685,0.0,1.575,10.0,1.0015347848541487,0.8078382697445887,10.0,0,Low,0.5125941458473683,0.7825520865793596,0.7655603390936255,3.196175740461688,Moderate
34,EMP0035,0,0.0,0,1,18.0,7.0,4.0,9.99,0.0,0.0,3.0,2,29.0,9.35483870967742,1.0,0,8.0,2.631666666666667,0.0,2.0999999999999996,10.0,2.4059383148018294,5.759159042077464,10.0,0,Low,-0.9007001275193506,1.3867607799745119,1.5644664074318975,6.263873856311619,High
35,EMP0036,2,0.8888888888888888,3,0,0.0,0.0,0.0,0.0,22.0,0.0,1.5555555555555556,1,0.0,0.0,1.9460558416915155,1,2.5555555555555554,0.0,0.0,1.0888888888888888,5.0,-0.5919230664326427,10.0,10.0,0,Low,0.10430913354142725,0.2230995926949595,0.3064439308896765,4.516666666666667,Moderate
36,EMP0037,0,0.0,3,0,0.0,0.0,0.0,0.0,13.0,0.0,0.6,2,0.0,0.0,0.74085117918135,1,10.0,0.0,0.0,0.42,5.0,-0.5919230664326427,5.621700333235745,10.0,0,Low,-0.9007001275193506,-0.5467070388899752,0.6797767442806562,6.093255049985362,High
37,EMP0038,1,0.8333333333333334,1,0,0.0,0.0,0.0,0.0,6.0,0.0,0.0,2,0.0,0.0,0.19653022499322306,1,4.333333333333333,0.0,0.0,0.0,5.0,-0.5919230664326427,2.9000955622951112,10.0,0,Low,0.04149605472512873,-1.030073993606097,0.5544977049212895,3.9850143343442666,Moderate
38,EMP0039,2,1.5,1,0,0.0,0.0,0.0,0.0,18.0,0.0,1.25,1,0.0,0.0,1.410409325020331,1,0.0,0.0,0.0,0.875,5.0,-0.5919230664326427,8.96949106243065,10.0,0,Low,0.7952530005207121,-0.023059504614176603,0.4700785238558438,3.595423659364598,Moderate
39,EMP0040,2,1.4285714285714286,1,1,47.0,18.0,0.0,8.42,13.0,0.8571428571428571,2.571428571428572,1,65.0,24.33155080213903,0.74085117918135,0,0.0,3.5700000000000003,0.0,1.8000000000000003,4.714285714285716,0.07293359188275125,4.042767544323739,1.428571428571429,0,Medium,1.0824140054061742,1.2021851393702718,0.7858442455530658,1.5278437030771328,Low
40,EMP0041,3,1.2,1,3,66.0,56.0,7.0,20.66,0.0,1.0,3.0,0,129.0,41.61290322580645,1.0,0,0.0,7.743333333333333,0.24333333333333318,2.0999999999999996,5.499999999999998,0.5955926644931903,8.61795374931139,0.0,1,High,1.0991100329662733,1.3778000558027805,1.0241675844207478,2.1785263957300414,Low
41,EMP0042,0,0.0,0,1,35.0,21.0,9.0,6.91,6.0,0.5,1.5,2,65.0,40.625,0.19653022499322306,0,8.0,3.3183333333333334,0.0,1.0499999999999998,7.749999999999999,-0.39520551010642657,1.0487111736365888,5.0,0,Medium,-0.9983085043297645,0.32847878011014314,0.5739975981821114,4.469806676045488,Moderate
42,EMP0043,2,0.8333333333333334,1,2,53.0,11.0,9.0,13.53,0.0,1.0,2.0,0,73.0,34.76190476190476,1.0,0,0.0,4.6883333333333335,0.0,1.4,1.9999999999999996,-0.4855872134515495,6.707625139885158,0.0,0,High,0.4742423264878789,0.5590099509735319,0.5062798303043201,1.3061437709827737,Low
43,EMP0044,2,2.0,0,1,1.0,1.0,0.0,7.46,9.0,0.0,0.0,1,2.0,20.0,0.2052046625101654,0,0.0,1.31,1.31,0.0,5.0,1.646720167201908,1.107323815799628,10.0,0,Low,1.3605707098673996,-1.030073993606097,1.3457882902251346,2.7435985723699443,Low
44,EMP0045,2,1.2,1,0,0.0,0.0,0.0,0.0,5.0,0.8,2.4,1,0.0,0.0,0.33044185416101923,1,1.0,0.0,0.0,1.68,4.3999999999999995,-0.5919230664326427,3.569653708134092,1.9999999999999996,0,Low,0.4560623749126995,0.90339382525839,0.6504597555345774,1.7954480562201138,Low
45,EMP0046,1,1.3333333333333333,1,0,0.0,0.0,0.0,0.0,0.0,0.0,2.0,1,0.0,0.0,1.0,1,1.833333333333334,0.0,0.0,1.4,7.0,-0.5919230664326427,6.917444437328996,10.0,0,Low,0.6068137640718162,0.5811491887809755,0.5932953397618115,4.137616665599349,Moderate
46,EMP0047,1,0.25,0,0,0.0,0.0,0.0,0.0,18.0,0.5,2.0,2,0.0,0.0,1.410409325020331,1,7.25,0.0,0.0,1.4,9.5,-0.5919230664326427,8.96949106243065,5.0,0,Low,-0.6180412728460067,0.5811491887809755,0.5970378426865416,5.6954236593645975,Moderate
47,EMP0048,3,1.8333333333333333,0,2,63.0,16.0,9.0,15.39,0.0,1.0,2.0,0,88.0,41.904761904761905,1.0,0,0.0,5.498333333333333,0.4983333333333331,1.4,7.0,-0.20354028877031288,7.205971733648523,0.0,1,High,2.1784269805198635,0.5590099509735319,0.9803257400879027,2.255479093380612,Low
48,EMP0049,0,0.0,1,0,0.0,0.0,0.0,0.0,0.0,0.0,0.0,2,0.0,0.0,1.0,1,10.0,0.0,0.0,0.0,5.0,-0.5919230664326427,6.917444437328996,10.0,0,Low,-0.9007001275193506,-1.030073993606097,0.8408990625193633,6.28761666559935,High
49,EMP0050,0,0.0,0,2,42.0,38.0,6.0,15.829999999999998,0.0,0.0,0.0,0,86.0,860.0,1.0,0,6.0,5.505,5.505,0.0,5.0,-0.1368195108887304,7.323860175183942,10.0,0,High,-0.9459115518721087,-1.0785702586849655,0.7204337738152682,6.52482902627759,High
50,EMP0051,1,1.0,0,1,7.0,6.0,4.0,7.66,7.0,0.8,3.2,1,17.0,5.151515151515151,0.0626185958254269,0,1.5,1.8433333333333335,0.0,2.2399999999999998,10.0,1.7067374120714671,0.4479791376193081,1.9999999999999996,0,Low,0.22993529117402453,1.5478830982132192,1.161518600486237,2.317196870642896,Low
51,EMP0053,0,0.0,0,2,59.0,27.0,3.0,14.510000000000002,9.0,0.0,3.2,0,89.0,26.96969696969697,0.2052046625101654,0,6.0,5.385000000000001,0.0,2.2399999999999998,10.0,-0.33698184453347835,2.9962181631285114,10.0,0,High,-0.9459115518721087,1.5415580767686303,0.9414838243914058,5.249432724469276,Moderate
52,EMP0054,0,0.0,1,1,32.0,22.0,5.0,5.43,18.0,0.0,1.8,2,59.0,31.052631578947366,1.410409325020331,0,8.0,2.8716666666666666,0.0,1.26,6.3,-0.8540438352348925,7.514640522573085,10.0,0,Medium,-0.9983085043297645,0.5731165607029791,0.8084896334225453,5.972196078385963,Moderate
53,EMP0055,2,2.6666666666666665,1,0,0.0,0.0,0.0,0.0,0.0,0.0,1.0,1,0.0,0.0,1.0,1,0.0,0.0,0.0,0.7,5.0,-0.5919230664326427,6.917444437328996,10.0,0,Low,2.114327655662983,-0.22446240241256066,0.976904374836062,3.2876166655993493,Moderate
54,EMP0056,2,0.2857142857142857,1,1,3.0,23.0,8.0,5.06,17.0,0.0,0.7142857142857143,2,34.0,41.75438596491228,1.2764976958525347,0,3.571428571428571,1.9766666666666666,0.19095238095238076,0.5,5.0,0.9265132287672,6.944215838934343,10.0,0,Low,-0.5776614364641005,-0.454637142753571,0.6529372693282905,4.410799042506818,Moderate
55,EMP0057,1,1.2,1,2,85.0,48.0,5.0,13.15,0.0,1.0,1.0,0,138.0,125.45454545454544,1.0,0,0.0,6.791666666666668,4.291666666666668,0.7,0.0,-0.543209703440189,6.605812394922751,0.0,0,High,1.0991100329662733,-0.2597801538557168,0.6340332967540597,2.0637885259050797,Low
56,EMP0058,2,0.8888888888888888,1,4,113.0,37.0,24.0,24.6,4.0,0.7777777777777778,0.7777777777777778,0,174.0,198.22784810126583,0.4643534833288154,0,0.0,9.9,7.955555555555556,0.5444444444444444,1.1111111111111112,1.1930469027964548,6.995358574249908,2.2222222222222223,1,High,0.568919251711878,-0.4417335104844387,0.7345665549975905,3.5381926750263752,Moderate
57,EMP0059,1,0.6666666666666666,1,0,0.0,0.0,0.0,0.0,0.0,0.0,2.0,2,0.0,0.0,1.0,1,5.166666666666667,0.0,0.0,1.4,7.0,-0.5919230664326427,6.917444437328996,10.0,0,Low,-0.1469431817237672,0.5811491887809755,0.4400051456457952,5.137616665599349,Moderate
58,EMP0060,0,0.0,0,1,10.0,11.0,1.0,7.26,6.0,0.75,3.0,2,22.0,7.096774193548387,0.19653022499322306,0,8.0,1.9433333333333334,0.0,2.0999999999999996,10.0,1.586702922332349,1.0103659729715435,2.5,0,Low,-0.9007001275193506,1.3867607799745119,1.2913879432754038,4.426554895945731,Moderate
59,EMP0061,0,0.0,3,0,0.0,0.0,0.0,0.0,16.0,0.6666666666666666,0.6666666666666666,2,0.0,0.0,1.1425860666847387,1,10.0,0.0,0.0,0.4666666666666666,1.666666666666667,-0.5919230664326427,7.63037477075269,3.333333333333334,0,Low,-0.9007001275193506,-0.4929995994770728,0.6618742644763553,4.894556215612903,Moderate
60,EMP0062,0,0.0,0,1,23.0,15.0,0.0,8.93,16.0,0.0,0.0,2,38.0,380.0,1.1425860666847387,0,8.0,2.755,2.755,0.0,5.0,0.23104679851485763,6.188085402711283,10.0,0,Medium,-0.9983085043297645,-0.8947101228540364,0.7080218085662194,6.266962810406692,High
61,EMP0063,1,2.0,1,0,0.0,0.0,0.0,0.0,0.0,0.0,2.0,1,0.0,0.0,1.0,1,0.0,0.0,0.0,1.4,7.0,-0.5919230664326427,6.917444437328996,10.0,0,Low,1.3605707098673996,0.5811491887809755,0.844547655027006,3.5876166655993496,Moderate
62,EMP0064,0,0.0,1,1,46.0,9.0,3.0,4.4,3.0,0.5,0.5,2,58.0,96.66666666666667,0.5982651124966115,0,8.0,2.666666666666667,1.416666666666667,0.35,2.5,-1.173370507452676,3.7298855844578567,5.0,0,Medium,-0.9983085043297645,-0.4869804885326432,0.8862198334383612,4.438649504335345,Moderate
63,EMP0065,0,0.0,0,2,76.0,37.0,1.0,14.66,14.0,0.5,0.5,0,114.0,190.0,0.8747628083491462,0,6.0,6.243333333333333,4.993333333333333,0.35,4.25,-0.3142361248011208,6.384198133755945,5.0,0,High,-0.9459115518721087,-0.6691752062703411,0.6431076276478569,5.393463053396725,Moderate
64,EMP0066,1,0.1666666666666666,1,1,29.0,28.0,8.0,8.37,18.0,0.0,0.5,2,65.0,108.33333333333334,1.410409325020331,0,5.666666666666668,3.5616666666666665,2.3116666666666665,0.35,5.0,0.05743229711489746,7.377161859707801,10.0,0,Medium,-0.7555575448605718,-0.4869804885326432,0.4333234435027042,5.634490945622837,Moderate
65,EMP0067,2,1.6,2,0,0.0,0.0,0.0,0.0,1.0,0.0,2.4,1,0.0,0.0,0.8660883708322038,1,0.0,0.0,0.0,1.68,5.0,-0.5919230664326427,6.247886291490015,10.0,0,Low,0.9083165423900497,0.90339382525839,0.8012111446936941,3.187182943723502,Moderate
66,EMP0068,1,0.8333333333333334,0,2,41.0,35.0,14.0,10.25,16.0,0.0,0.6666666666666666,0,90.0,117.3913043478261,1.1425860666847387,0,0.33333333333333304,4.708333333333334,3.0416666666666674,0.4666666666666666,7.333333333333333,-0.9829602849324394,6.541750727317543,10.0,0,High,0.4742423264878789,-0.5327101887987997,0.663304266739706,4.441679275764298,Moderate
67,EMP0069,1,1.0,1,1,25.0,29.0,9.0,5.92,0.0,0.0,0.0,2,63.0,630.0,1.0,0,1.5,3.086666666666667,3.086666666666667,0.0,5.0,-0.7021311465099274,5.331309042125167,10.0,0,Medium,0.4581972524853925,-0.8947101228540364,0.6850128406164521,4.271363022985442,Moderate
68,EMP0070,0,0.0,1,3,76.0,51.0,13.0,16.93,7.0,0.0,2.4,0,140.0,56.0,0.0626185958254269,0,4.0,7.488333333333333,1.4883333333333333,1.68,8.399999999999999,0.029982433815226826,2.9316742581496267,10.0,0,High,-0.9459115518721087,0.8865259929052313,0.6208066595308556,4.771834472055778,Moderate
69,EMP0071,2,0.7142857142857143,1,2,64.0,39.0,10.0,12.23,11.0,0.8571428571428571,1.7142857142857142,0,113.0,62.28346456692913,0.47302792084575773,0,0.0,5.805,1.5192857142857141,1.2,1.7142857142857144,-0.6827167844653167,3.724457985032026,1.428571428571429,0,High,0.27136320100788064,0.3250699210223179,0.4263833021651718,1.409918697754804,Low
70,EMP0072,1,0.3333333333333333,1,1,39.0,26.0,2.0,6.09,0.0,0.0,0.0,2,67.0,670.0,1.0,0,4.833333333333334,3.248333333333333,3.248333333333333,0.0,5.0,-1.613774912176495,5.285761235168301,10.0,0,High,-0.37785000052811374,-1.0785702586849655,1.0233983904631916,5.304947518608579,Moderate
71,EMP0073,3,1.5,1,2,65.0,11.0,15.0,12.08,7.0,0.0,0.0,0,91.0,910.0,0.0626185958254269,0,0.0,5.046666666666667,5.046666666666667,0.0,5.0,-0.7054625041976745,1.6322221184978418,10.0,0,High,1.610365429175869,-1.0785702586849655,1.131466064019503,3.756499984441343,Moderate
72,EMP0074,1,0.75,3,0,0.0,0.0,0.0,0.0,0.0,0.0,2.0,2,0.0,0.0,1.0,1,4.75,0.0,0.0,1.4,5.0,-0.5919230664326427,6.917444437328996,10.0,0,Low,-0.05272356349931923,0.5811491887809755,0.4085986062376459,4.712616665599349,Moderate
73,EMP0075,0,0.0,1,0,0.0,0.0,0.0,0.0,0.0,0.0,1.0,2,0.0,0.0,1.0,1,10.0,0.0,0.0,0.7,5.0,-0.5919230664326427,6.917444437328996,10.0,0,Low,-0.9007001275193506,-0.22446240241256066,0.5723618654548513,6.28761666559935,High
74,EMP0076,1,0.4285714285714285,0,4,136.0,63.0,11.0,29.53,0.0,0.0,0.0,0,210.0,2100.0,1.0,0,0.0,11.921666666666667,10.0,0.0,5.0,1.9406228913332801,10.0,10.0,1,High,-0.21554670014411528,-1.0785702586849655,1.0782466167207871,6.25,High
75,EMP0077,0,0.0,1,2,41.0,26.0,11.0,18.94,0.0,0.0,2.0,0,78.0,37.14285714285714,1.0,0,6.0,5.756666666666668,0.7566666666666677,1.4,7.0,0.33477507822882124,8.157117114218387,10.0,0,High,-0.9459115518721087,0.5590099509735319,0.6132321936914873,5.762734233799424,Moderate
76,EMP0078,2,0.8888888888888888,3,0,0.0,0.0,0.0,0.0,16.0,0.0,0.0,1,0.0,0.0,1.1425860666847387,1,2.5555555555555554,0.0,0.0,0.0,5.0,-0.5919230664326427,7.63037477075269,10.0,0,Low,0.10430913354142725,-1.030073993606097,0.5754353978600556,4.16122288227957,Moderate
77,EMP0079,0,0.0,3,1,39.0,20.0,6.0,7.14,1.0,0.0,0.0,2,65.0,650.0,0.8660883708322038,0,8.0,3.356666666666667,3.356666666666667,0.0,5.0,-0.3238995541743003,4.334878399301614,10.0,0,Medium,-0.9983085043297645,-0.8947101228540364,0.738972727119367,6.139398426561909,High
78,EMP0080,1,2.5,0,1,18.0,1.0,4.0,7.08,0.0,0.0,0.0,1,23.0,230.0,1.0,0,0.0,1.9466666666666668,1.9466666666666668,0.0,5.0,1.532687401949746,5.0205122417136065,10.0,0,Low,1.925888419214087,-1.030073993606097,1.49621660492331,3.489743502923708,Moderate
79,EMP0081,1,0.625,0,5,154.0,50.0,21.0,28.23,13.0,0.875,3.5,0,225.0,62.5,0.74085117918135,0,0.0,12.205,3.455,2.4499999999999997,10.0,1.7434933203195127,9.350426696179792,1.25,1,High,0.11920385689788193,1.7871951082174051,1.2166307618116,3.9538140044269685,Moderate
80,EMP0082,1,0.3333333333333333,0,1,29.0,6.0,9.0,4.07,5.0,0.0,0.0,2,44.0,440.0,0.33044185416101923,0,4.833333333333334,2.1450000000000005,2.1450000000000005,0.0,5.0,-1.2756790529205093,2.47918562393146,10.0,0,Medium,-0.5128065853913789,-0.8947101228540364,0.8943985870553082,4.608127843589719,Moderate
81,EMP0083,0,0.0,2,1,16.0,10.0,9.0,6.96,13.0,0.0,0.75,2,35.0,41.1764705882353,0.74085117918135,0,8.0,2.326666666666667,0.4516666666666671,0.5249999999999999,5.0,1.4966770550280106,3.7569195307663805,10.0,0,Low,-0.9007001275193506,-0.4258653002109447,0.9410808275861019,5.326454596281623,Moderate
82,EMP0084,4,1.8,3,2,46.0,40.0,10.0,16.42,0.0,0.0,0.0,0,96.0,960.0,1.0,0,0.0,5.936666666666667,5.936666666666667,0.0,5.0,-0.04735301327478931,7.481937858151893,10.0,1,High,2.1216208253854645,-1.0785702586849655,1.0825146991150731,4.856457345389451,Moderate
83,EMP0085,0,0.0,1,0,0.0,0.0,0.0,0.0,11.0,0.0,0.0,2,0.0,0.0,0.47302792084575773,1,10.0,0.0,0.0,0.0,5.0,-0.5919230664326427,4.282584041557785,10.0,0,Low,-0.9007001275193506,-1.030073993606097,0.8408990625193633,5.892387606233668,Moderate
84,EMP0086,1,1.3333333333333333,1,0,0.0,0.0,0.0,0.0,0.0,0.0,0.0,1,0.0,0.0,1.0,1,1.833333333333334,0.0,0.0,0.0,5.0,-0.5919230664326427,6.917444437328996,10.0,0,Low,0.6068137640718162,-1.030073993606097,0.7429369413701853,3.8376166655993496,Moderate
85,EMP0087,1,0.5,2,0,0.0,0.0,0.0,0.0,14.0,0.0,3.0,2,0.0,0.0,0.8747628083491462,1,6.0,0.0,0.0,2.0999999999999996,5.499999999999998,-0.5919230664326427,6.291258479074727,10.0,0,Low,-0.335382418172663,1.3867607799745119,0.7713554215266059,5.068688771861209,Moderate
86,EMP0088,0,0.0,1,3,75.0,54.0,15.0,23.36,11.0,0.8333333333333334,2.5,0,144.0,55.38461538461538,0.47302792084575773,0,4.0,8.693333333333333,2.4433333333333334,1.75,4.583333333333333,1.0050156196756301,6.706499699325708,1.6666666666666663,1,High,-0.9459115518721087,0.9684050033881562,0.9731107249786316,3.754308288232189,Moderate
87,EMP0089,0,0.0,1,1,24.0,23.0,8.0,8.31,4.0,0.0,0.75,2,55.0,64.70588235294117,0.4643534833288154,0,8.0,3.2183333333333337,1.3433333333333337,0.5249999999999999,5.0,0.03883074339347357,2.6308069546772113,10.0,0,Medium,-0.9983085043297645,-0.28311567137194665,0.4400849730317282,5.3804543765349155,Moderate
88,EMP0090,3,2.333333333333333,1,1,18.0,29.0,0.0,8.27,2.0,0.0,0.0,1,47.0,470.0,0.7321767416644077,0,0.0,2.9450000000000003,2.9450000000000003,0.0,5.0,0.026429707579190425,3.959206115306498,10.0,0,Medium,2.4002049282389346,-0.8947101228540364,1.1071149195573873,3.5801309172959748,Moderate
89,EMP0091,1,0.5714285714285714,0,2,64.0,49.0,7.0,13.28,7.0,0.7142857142857143,2.142857142857143,0,120.0,53.503184713375795,0.0626185958254269,0,1.6428571428571432,6.213333333333333,0.8561904761904762,1.4999999999999998,8.928571428571427,-0.5234967463388124,1.953736049958077,2.8571428571428568,0,High,0.02790825043188268,0.6759799659491388,0.4091283209066113,2.7678223122556154,Low
90,EMP0092,2,1.8,0,0,0.0,0.0,0.0,0.0,15.0,0.0,0.0,1,0.0,0.0,1.0086744375169423,1,0.0,0.0,0.0,0.0,5.0,-0.5919230664326427,6.960816624913708,10.0,0,Low,1.1344436261287247,-1.030073993606097,0.9188135620558215,3.2941224937370563,Moderate
91,EMP0093,0,0.0,1,0,0.0,0.0,0.0,0.0,2.0,0.8,0.8,2,0.0,0.0,0.7321767416644077,1,10.0,0.0,0.0,0.5599999999999999,0.9999999999999998,-0.5919230664326427,5.578328145651034,1.9999999999999996,0,Low,-0.9007001275193506,-0.38558472065126786,0.6260693048677537,4.286749221847655,Moderate
92,EMP0094,1,0.3333333333333333,2,3,89.0,67.0,12.0,21.92,0.0,1.0,1.0,0,168.0,152.72727272727272,1.0,0,0.8333333333333339,9.253333333333334,6.753333333333334,0.7,0.0,0.7866567102449958,8.955543377344638,0.0,1,High,-0.37785000052811374,-0.2597801538557168,0.47476228820960875,3.281664839935029,Moderate
93,EMP0095,1,1.25,1,1,34.0,24.0,1.0,7.47,0.0,0.0,0.0,1,59.0,590.0,1.0,0,0.25,3.211666666666667,3.211666666666667,0.0,5.0,-0.22159100870646667,5.0839797860109694,10.0,0,Medium,0.8223236916891817,-0.8947101228540364,0.6462082744165616,3.890513634568312,Moderate
94,EMP0096,1,2.0,0,0,0.0,0.0,0.0,0.0,6.0,0.0,0.0,1,0.0,0.0,0.19653022499322306,1,0.0,0.0,0.0,0.0,5.0,-0.5919230664326427,2.9000955622951112,10.0,0,Low,1.3605707098673996,-1.030073993606097,0.9941892566353797,2.6850143343442667,Low
95,EMP0097,1,0.5,0,3,83.0,32.0,19.0,24.99,0.0,0.0,1.0,0,134.0,121.81818181818181,1.0,0,0.0,8.631666666666668,6.131666666666668,0.7,8.5,1.2521857741005844,9.778083185330406,10.0,0,High,-0.0938192248561162,-0.2597801538557168,0.5352617176041391,5.774629144466227,Moderate
96,EMP0098,0,0.0,1,2,47.0,48.0,7.0,11.27,30.0,0.0,0.0,0,102.0,1020.0,3.0173488750338846,0,6.0,5.278333333333333,5.278333333333333,0.0,5.0,-0.8282893907524066,10.0,10.0,0,High,-0.9459115518721087,-1.0785702586849655,0.950923733769827,6.869583333333333,High
97,EMP0100,0,0.0,2,0,0.0,0.0,0.0,0.0,8.0,0.75,3.0,2,0.0,0.0,0.07129303334236925,1,10.0,0.0,0.0,2.0999999999999996,1.7499999999999982,-0.5919230664326427,2.273909604040842,2.5,0,Low,-0.9007001275193506,1.3867607799745119,0.9597946579755018,3.978586440606126,Moderate
98,EMP0101,1,0.6666666666666666,0,1,33.0,9.0,5.0,8.58,21.0,0.6666666666666666,1.3333333333333333,2,47.0,32.7906976744186,1.8121442125237195,0,3.166666666666667,2.996666666666667,0.0,0.9333333333333332,6.333333333333333,0.12253773513988273,9.442101235230284,3.333333333333334,0,Medium,-0.027304666452993242,0.19256890200301202,0.11413710119862934,3.8163151852845427,Moderate
99,EMP0102,1,0.4,2,2,49.0,19.0,14.0,9.79,0.0,0.0,0.0,0,82.0,820.0,1.0,0,2.5,4.365,4.365,0.0,5.0,-1.0527138254450035,5.705573386834091,10.0,0,High,-0.26423769025931465,-1.0785702586849655,0.7985072581297613,4.947086008025114,Moderate
100,EMP0103,1,0.3333333333333333,2,2,77.0,26.0,5.0,12.19,0.0,0.0,0.0,0,108.0,1080.0,1.0,0,2.833333333333334,5.631666666666666,5.631666666666666,0.0,5.0,-0.6887823097272789,6.348601249754562,10.0,0,High,-0.37785000052811374,-1.0785702586849655,0.7150675229801194,5.460206854129851,Moderate
101,EMP0104,0,0.0,0,1,13.0,26.0,9.0,7.03,12.0,0.6666666666666666,0.6666666666666666,2,48.0,62.60869565217392,0.6069395500135538,0,8.0,2.7716666666666665,1.105,0.4666666666666666,4.0,-0.35800240266357797,3.0686064055922193,3.333333333333334,0,Medium,-0.9983085043297645,-0.3510706104255122,0.5691271724729515,4.236540960838833,Moderate
102,EMP0105,2,1.2857142857142858,1,1,32.0,6.0,8.0,8.33,12.0,0.0,0.0,1,46.0,460.0,0.6069395500135538,0,0.0,2.921666666666667,2.921666666666667,0.0,5.0,0.04503126130061486,3.349095853625241,10.0,0,Medium,0.8743417544325803,-0.8947101228540364,0.6046943795290772,3.482781044710453,Moderate
103,EMP0106,0,0.0,0,1,30.0,16.0,8.0,7.36,30.0,0.25,1.0,2,54.0,49.090909090909086,3.0173488750338846,0,8.0,3.0266666666666664,0.5266666666666664,0.7,7.25,-0.25569385719574433,10.0,7.5,0,Medium,-0.9983085043297645,-0.07925085421125004,0.44441773857891964,6.244166666666667,High
104,EMP0107,0,0.0,1,0,0.0,0.0,0.0,0.0,2.0,0.8,3.2,2,0.0,0.0,0.7321767416644077,1,10.0,0.0,0.0,2.2399999999999998,7.199999999999999,-0.5919230664326427,5.578328145651034,1.9999999999999996,0,Low,-0.9007001275193506,1.5478830982132192,1.0135020973884041,5.216749221847655,Moderate
105,EMP0108,2,1.5,1,1,48.0,23.0,9.0,9.58,5.0,0.8333333333333334,0.8333333333333334,1,80.0,85.71428571428571,0.33044185416101923,0,0.0,4.263333333333334,2.18,0.5833333333333334,0.8333333333333331,-1.084557833070304,2.3015177196336465,1.6666666666666663,0,High,1.610365429175869,-0.39624517132725817,1.0303894778578104,1.265227657945047,Low
106,EMP0109,2,0.875,0,2,35.0,23.0,1.0,14.85,3.0,0.0,0.0,0,59.0,590.0,0.5982651124966115,0,0.0,4.441666666666666,4.441666666666666,0.0,5.0,2.0664000990287206,5.052616026974475,10.0,0,Medium,0.27613403288349786,-0.8947101228540364,1.0790814182554183,4.118309070712838,Moderate
107,EMP0110,1,0.8,0,1,29.0,17.0,3.0,6.67,10.0,0.6,2.4,2,49.0,19.6,0.33911629167796153,0,2.5,2.745,0.0,1.68,10.0,-0.4696117249921238,1.8259442933523284,4.0,0,Medium,0.16689610112236114,1.0623921218886507,0.5662999826677119,3.1238916440028492,Moderate
108,EMP0111,2,0.4285714285714285,0,2,27.0,16.0,9.0,13.68,9.0,0.0,0.0,0,52.0,520.0,0.2052046625101654,0,0.8571428571428577,4.013333333333334,4.013333333333334,0.0,5.0,1.703669801460947,2.7738376938685145,10.0,0,Medium,-0.37409175140898304,-0.8947101228540364,0.9908238919079887,3.926551844556468,Moderate
109,EMP0112,1,0.1111111111111111,2,3,53.0,9.0,10.0,24.83,0.0,1.0,1.0,0,72.0,65.45454545454545,1.0,0,1.9444444444444446,6.538333333333334,4.038333333333334,0.7,0.0,1.227923673052736,9.735214661135707,0.0,1,High,-0.7565577014241104,-0.2597801538557168,0.7480871761108544,3.053198865837023,Moderate
110,EMP0113,0,0.0,1,0,0.0,0.0,0.0,0.0,10.0,0.25,0.5,2,0.0,0.0,0.33911629167796153,1,10.0,0.0,0.0,0.35,3.75,-0.5919230664326427,3.6130258957188035,7.5,0,Low,-0.9007001275193506,-0.6272681980093288,0.7066304639871074,5.22945388435782,Moderate
111,EMP0114,3,2.75,0,0,0.0,0.0,0.0,0.0,0.0,0.0,0.0,1,0.0,0.0,1.0,1,0.0,0.0,0.0,0.0,5.0,-0.5919230664326427,6.917444437328996,10.0,0,Low,2.2085472738874308,-1.030073993606097,1.2768481113087236,3.2876166655993493,Moderate
112,EMP0115,1,0.2,1,1,7.0,8.0,6.0,7.72,24.0,0.6,2.4,2,21.0,8.4,2.213879100027108,0,5.5,1.9866666666666668,0.0,1.68,5.3999999999999995,1.7247425855323348,10.0,4.0,0,Low,-0.6745730437806756,0.90339382525839,1.1009031515238001,4.56,Moderate
113,EMP0116,0,0.0,0,1,31.0,6.0,8.0,8.87,0.0,1.0,1.0,2,45.0,40.90909090909091,1.0,0,8.0,2.978333333333333,0.47833333333333306,0.7,3.5,0.21244524479343319,5.459079372714577,0.0,0,Medium,-0.9983085043297645,-0.07925085421125004,0.430001534444816,3.86344523924052,Moderate
114,EMP0117,0,0.0,0,0,0.0,0.0,0.0,0.0,0.0,1.0,2.0,2,0.0,0.0,1.0,1,10.0,0.0,0.0,1.4,7.0,-0.5919230664326427,6.917444437328996,0.0,0,Low,-0.9007001275193506,0.5811491887809755,0.6912574609109896,5.087616665599349,Moderate
115,EMP0118,2,1.8,1,1,9.0,24.0,7.0,4.94,8.0,0.8,3.2,1,40.0,12.121212121212121,0.07129303334236925,0,0.0,2.1566666666666667,0.0,2.2399999999999998,7.199999999999999,-1.0059565239598571,0.9503439195295396,1.9999999999999996,0,Medium,1.6234018579375182,1.71475953680288,1.4480393062334185,1.522551587929431,Low
116,EMP0119,0,0.0,1,2,38.0,48.0,7.0,16.75,0.0,0.0,1.0,0,93.0,84.54545454545453,1.0,0,6.0,5.8916666666666675,3.3916666666666675,0.7,5.0,0.0026875701363975398,7.5703541893034565,10.0,0,High,-0.9459115518721087,-0.2597801538557168,0.40279309195474106,6.033469795062185,High
117,EMP0120,0,0.0,1,0,0.0,0.0,0.0,0.0,6.0,0.0,0.0,2,0.0,0.0,0.19653022499322306,1,10.0,0.0,0.0,0.0,5.0,-0.5919230664326427,2.9000955622951112,10.0,0,Low,-0.9007001275193506,-1.030073993606097,0.8408990625193633,5.685014334344267,Moderate
118,EMP0121,0,0.0,0,2,54.0,24.0,10.0,14.419999999999998,0.0,0.0,0.0,0,88.0,880.0,1.0,0,6.0,5.336666666666667,5.336666666666667,0.0,5.0,-0.35062927637289354,6.946081305718166,10.0,0,High,-0.9459115518721087,-1.0785702586849655,0.7917036956433225,6.426078862524391,High
119,EMP0122,2,0.2857142857142857,1,3,70.0,47.0,19.0,18.27,0.0,0.0,1.0,0,136.0,123.63636363636363,1.0,0,0.0,7.578333333333333,5.078333333333333,0.7,5.0,0.23317753009095626,7.9776051691530885,10.0,0,High,-0.45900165072011306,-0.2597801538557168,0.31731977822226204,4.716224108706297,Moderate
120,EMP0123,1,1.5,0,0,0.0,0.0,0.0,0.0,0.0,0.0,4.0,1,0.0,0.0,1.0,1,1.0,0.0,0.0,2.8,10.0,-0.5919230664326427,6.917444437328996,10.0,0,Low,0.7952530005207121,2.192372371168048,1.1931828127071344,4.3376166655993496,Moderate
121,EMP0124,1,1.6666666666666667,1,0,0.0,0.0,0.0,0.0,11.0,0.0,0.0,1,0.0,0.0,0.47302792084575773,1,0.16666666666666607,0.0,0.0,0.0,5.0,-0.5919230664326427,4.282584041557785,10.0,0,Low,0.983692236969608,-1.030073993606097,0.8685630990027825,2.9423876062336674,Low
122,EMP0125,2,1.5,0,2,37.0,12.0,6.0,15.63,2.0,0.0,2.5,1,55.0,21.153846153846153,0.7321767416644077,0,0.0,4.4383333333333335,0.0,1.75,10.0,2.3082202974072366,5.931158228262609,10.0,0,Medium,1.186450130892971,1.1439380487529294,1.5462028256843787,3.8896737342393912,Moderate
123,EMP0126,0,0.0,2,2,75.0,29.0,9.0,9.04,0.0,1.0,1.0,0,113.0,102.72727272727272,1.0,0,6.0,5.273333333333333,2.7733333333333334,0.7,0.0,-1.1664424241067923,5.504627179671444,0.0,0,High,-0.9459115518721087,-0.2597801538557168,0.7907113766115392,3.3190274102840496,Moderate
124,EMP0127,0,0.0,1,2,43.0,32.0,9.0,11.93,11.0,0.0,0.0,0,84.0,840.0,0.47302792084575773,0,6.0,4.788333333333334,4.788333333333334,0.0,5.0,-0.7282082239300324,3.6440795021669663,10.0,0,High,-0.9459115518721087,-1.0785702586849655,0.9175633448290355,5.793695258658378,Moderate
125,EMP0128,2,1.5,1,0,0.0,0.0,0.0,0.0,23.0,0.0,1.5,1,0.0,0.0,2.079967470859312,1,0.0,0.0,0.0,1.0499999999999998,5.249999999999999,-0.5919230664326427,10.0,10.0,0,Low,0.7952530005207121,0.17834339318420744,0.5218398200458542,3.7874999999999996,Moderate
126,EMP0129,0,0.0,0,0,0.0,0.0,0.0,0.0,46.0,0.0,0.0,2,0.0,0.0,5.159934941718623,1,10.0,0.0,0.0,0.0,5.0,-0.5919230664326427,10.0,10.0,0,Low,-0.9007001275193506,-1.030073993606097,0.8408990625193633,6.75,High
127,EMP0130,2,1.3333333333333333,1,1,35.0,5.0,1.0,7.91,8.0,0.0,3.333333333333333,1,41.0,11.941747572815535,0.07129303334236925,0,0.0,2.685,0.0,2.333333333333333,10.0,-0.08517961474935512,0.5583333942582356,10.0,0,Medium,0.943699171423778,1.8234874392885845,0.9507887418205726,3.0837500091387353,Moderate
128,EMP0131,0,0.0,1,2,69.0,18.0,7.0,14.35,12.0,0.8,0.8,0,94.0,104.44444444444444,0.6069395500135538,0,6.0,5.525,3.5250000000000004,0.5599999999999999,0.9999999999999998,-0.36124394558132694,4.962024076450755,1.9999999999999996,0,High,-0.9459115518721087,-0.42353817482156647,0.5768978907583341,3.8755536114676126,Moderate
129,EMP0132,1,1.3333333333333333,1,1,6.0,12.0,7.0,6.69,0.0,1.0,1.0,1,25.0,22.727272727272727,1.0,0,0.0,1.9483333333333333,0.0,0.7,0.0,1.4156537744541062,5.125004269438183,0.0,0,Low,0.6068137640718162,-0.22446240241256066,0.7489766469794944,0.7687506404157275,Low
130,EMP0133,1,0.4,1,1,45.0,26.0,2.0,7.06,2.0,0.0,1.6,2,73.0,42.94117647058823,0.7321767416644077,0,4.5,3.6100000000000003,0.0,1.1199999999999999,5.6,-1.466685924573915,3.686754515559983,10.0,0,High,-0.26423769025931465,0.23149390904183248,0.6541391746250207,4.243013177333998,Moderate
131,EMP0134,0,0.0,2,1,30.0,25.0,6.0,5.55,0.0,0.0,0.0,2,61.0,610.0,1.0,0,8.0,2.958333333333333,2.958333333333333,0.0,5.0,-0.8168407277920439,5.430442504325407,10.0,0,Medium,-0.9983085043297645,-0.8947101228540364,0.903286451658615,6.204149708982144,High
132,EMP0135,1,0.75,1,1,49.0,9.0,5.0,5.86,0.0,1.0,1.0,2,63.0,57.272727272727266,1.0,0,2.75,3.0766666666666667,0.5766666666666667,0.7,0.0,-0.7207327002313515,5.34738473869818,0.0,0,Medium,0.09407081328160323,-0.07925085421125004,0.2980181225747349,1.7712743774713937,Low
133,EMP0136,1,0.2,1,1,7.0,5.0,8.0,4.98,6.0,0.0,0.8,2,20.0,22.22222222222222,0.19653022499322306,0,5.5,1.4966666666666666,0.0,0.5599999999999999,5.0,0.9025063308193767,1.565812746735134,10.0,0,Low,-0.6745730437806756,-0.38558472065126786,0.6542213650837735,4.13487191201027,Moderate
134,EMP0137,1,0.75,1,4,99.0,21.0,10.0,29.98,0.0,0.0,0.0,0,130.0,1300.0,1.0,0,0.0,9.33,9.33,0.0,5.0,2.0088600505303535,10.0,10.0,0,High,0.3322269386518801,-1.0785702586849655,1.1398857492890664,6.0825,High
135,EMP0138,2,0.7777777777777778,2,1,48.0,7.0,6.0,6.1,24.0,0.0,0.0,2,61.0,610.0,2.213879100027108,0,1.1111111111111107,3.05,3.05,0.0,5.0,-0.6463264853456546,10.0,10.0,0,Medium,0.13452930652646872,-0.8947101228540364,0.5585219715753866,4.845833333333333,Moderate
136,EMP0139,1,0.75,1,0,0.0,0.0,0.0,0.0,0.0,0.0,1.0,2,0.0,0.0,1.0,1,4.75,0.0,0.0,0.7,5.0,-0.5919230664326427,6.917444437328996,10.0,0,Low,-0.05272356349931923,-0.22446240241256066,0.2897030107815075,4.712616665599349,Moderate
137,EMP0140,0,0.0,0,4,37.0,69.0,26.0,33.41,0.0,0.0,0.0,0,132.0,1320.0,1.0,0,2.0,9.968333333333334,9.968333333333334,0.0,5.0,2.5289788417436005,10.0,10.0,1,High,-0.9459115518721087,-1.0785702586849655,1.5178202174335584,6.842083333333333,High
138,EMP0141,0,0.0,0,3,23.0,47.0,7.0,16.38,11.0,0.875,3.5,0,77.0,21.38888888888889,0.47302792084575773,0,4.0,5.296666666666666,0.0,2.4499999999999997,10.0,-0.05341853853675179,4.836360331332006,1.25,1,High,-0.9459115518721087,1.7871951082174051,0.9288417328754219,3.612954049699801,Moderate
139,EMP0142,0,0.0,1,3,99.0,31.0,8.0,22.18,14.0,0.8333333333333334,1.6666666666666667,0,138.0,78.11320754716981,0.8747628083491462,0,4.0,8.296666666666667,4.13,1.1666666666666667,1.666666666666667,0.8260826244477489,8.399018770906753,1.6666666666666663,1,High,-0.9459115518721087,0.2860799160304491,0.6860246974501023,3.992352815636013,Moderate
140,EMP0143,1,0.3333333333333333,0,0,0.0,0.0,0.0,0.0,8.0,0.3333333333333333,1.0,2,0.0,0.0,0.07129303334236925,1,6.833333333333334,0.0,0.0,0.7,6.833333333333334,-0.5919230664326427,2.273909604040842,6.666666666666668,0,Low,-0.5238216546215588,-0.22446240241256066,0.446735707822254,4.416086440606127,Moderate
141,EMP0144,3,4.666666666666667,0,0,0.0,0.0,0.0,0.0,0.0,1.0,2.0,1,0.0,0.0,1.0,1,0.0,0.0,0.0,1.4,7.0,-0.5919230664326427,6.917444437328996,0.0,1,Low,4.375598493049734,0.5811491887809755,1.849556916087784,2.0876166655993496,Low
142,EMP0145,0,0.0,1,0,0.0,0.0,0.0,0.0,0.0,1.0,3.0,2,0.0,0.0,1.0,1,10.0,0.0,0.0,2.0999999999999996,5.499999999999998,-0.5919230664326427,6.917444437328996,0.0,0,Low,-0.9007001275193506,1.3867607799745119,0.9597946579755018,4.862616665599349,Moderate
143,EMP0146,1,0.25,0,1,33.0,27.0,9.0,7.62,9.0,0.0,0.0,2,69.0,690.0,0.2052046625101654,0,5.25,3.5700000000000003,3.5700000000000003,0.0,5.0,-1.3817685709064456,1.150192339994326,10.0,0,High,-0.5198653883641124,-1.0785702586849655,0.9934014059851745,4.890028850999149,Moderate
144,EMP0147,0,0.0,0,0,0.0,0.0,0.0,0.0,1.0,0.0,0.0,2,0.0,0.0,0.8660883708322038,1,10.0,0.0,0.0,0.0,5.0,-0.5919230664326427,6.247886291490015,10.0,0,Low,-0.9007001275193506,-1.030073993606097,0.8408990625193633,6.187182943723502,High
145,EMP0148,2,1.4285714285714286,1,2,44.0,30.0,6.0,13.64,0.0,0.0,0.0,0,80.0,800.0,1.0,0,0.0,4.9399999999999995,4.9399999999999995,0.0,5.0,-0.46890701898115356,6.737097250269013,10.0,0,High,1.48863795388787,-1.0785702586849655,1.0120384105179965,4.495564587540352,Moderate
146,EMP0149,0,0.0,1,1,32.0,28.0,2.0,6.11,0.0,0.0,0.0,2,62.0,620.0,1.0,0,8.0,3.085,3.085,0.0,5.0,-0.6432262263920837,5.280402669643964,10.0,0,Medium,-0.9983085043297645,-0.8947101228540364,0.8454149511919615,6.213310400446594,High
147,EMP0150,0,0.0,1,1,38.0,27.0,8.0,8.19,0.0,0.0,0.0,2,73.0,730.0,1.0,0,8.0,3.7983333333333333,3.7983333333333333,0.0,5.0,-1.2953348359234862,5.276888144887111,10.0,0,High,-0.9459115518721087,-1.0785702586849655,1.1066055488268534,6.3911165550664,High
148,EMP0151,0,0.0,0,2,39.0,13.0,4.0,15.02,19.0,0.0,0.5714285714285714,2,56.0,83.40425531914894,1.544320954188127,0,6.0,4.37,2.9414285714285717,0.39999999999999997,7.0,2.1191045012394225,9.828443042388919,10.0,0,Medium,-0.9983085043297645,-0.42873339791530135,1.182048801161496,6.559623599215481,High
149,EMP0152,0,0.0,1,1,40.0,9.0,7.0,6.65,6.0,0.0,3.0,2,56.0,18.064516129032256,0.19653022499322306,0,8.0,2.975,0.0,2.0999999999999996,10.0,-0.47581224289926505,1.118372525452973,10.0,0,Medium,-0.9983085043297645,1.5516676830743226,1.0085961434344506,5.5677558788179455,Moderate
150,EMP0153,2,2.25,1,0,0.0,0.0,0.0,0.0,14.0,0.0,0.75,1,0.0,0.0,0.8747628083491462,1,0.0,0.0,0.0,0.5249999999999999,5.0,-0.5919230664326427,6.291258479074727,10.0,0,Low,1.6432295645407433,-0.4258653002109447,0.8870059770614436,3.193688771861209,Moderate
151,EMP0154,1,0.75,2,0,0.0,0.0,0.0,0.0,36.0,0.0,0.375,2,0.0,0.0,3.820818650040662,1,4.75,0.0,0.0,0.26249999999999996,5.0,-0.5919230664326427,10.0,10.0,0,Low,-0.05272356349931923,-0.7279696469085208,0.4575387589468276,5.175,Moderate
152,EMP0155,2,1.25,0,1,24.0,1.0,6.0,5.47,0.0,0.0,0.0,1,31.0,310.0,1.0,0,0.0,1.9449999999999998,1.9449999999999998,0.0,5.0,1.049548580749796,5.451876766422756,10.0,0,Low,0.5125941458473683,-1.030073993606097,0.8640722400677537,3.5540315149634134,Moderate
153,EMP0156,1,0.2,4,0,0.0,0.0,0.0,0.0,0.0,0.0,1.0,2,0.0,0.0,1.0,1,7.5,0.0,0.0,0.7,5.0,-0.5919230664326427,6.917444437328996,10.0,0,Low,-0.6745730437806756,-0.22446240241256066,0.496986170875293,5.53761666559935,Moderate
154,EMP0157,1,0.2,2,0,0.0,0.0,0.0,0.0,9.0,0.0,0.6,2,0.0,0.0,0.2052046625101654,1,7.5,0.0,0.0,0.42,5.0,-0.5919230664326427,2.9434677498798227,10.0,0,Low,-0.6745730437806756,-0.5467070388899752,0.6044010497010979,4.941520162481973,Moderate
155,EMP0158,0,0.0,1,0,0.0,0.0,0.0,0.0,23.0,0.6,2.4,2,0.0,0.0,2.079967470859312,1,10.0,0.0,0.0,1.68,5.3999999999999995,-0.5919230664326427,10.0,4.0,0,Low,-0.9007001275193506,0.90339382525839,0.7986723397367944,5.91,Moderate
156,EMP0159,0,0.0,0,1,5.0,2.0,7.0,6.92,0.0,0.0,1.0,2,14.0,12.727272727272727,1.0,0,8.0,1.62,0.0,0.7,8.5,1.4846736060540988,5.063380765908305,10.0,0,Low,-0.9007001275193506,-0.22446240241256066,0.8699453786620034,5.934507114886245,Moderate
157,EMP0160,1,0.6666666666666666,3,1,37.0,3.0,8.0,8.57,28.0,0.0,0.0,2,48.0,480.0,2.7495256166982927,0,3.166666666666667,3.0283333333333333,3.0283333333333333,0.0,5.0,0.11943747618631208,10.0,10.0,0,Medium,-0.027304666452993242,-0.8947101228540364,0.34715075516444727,5.457083333333333,Moderate
158,EMP0161,3,2.0,0,0,0.0,0.0,0.0,0.0,16.0,0.0,2.4,1,0.0,0.0,1.1425860666847387,1,0.0,0.0,0.0,1.68,10.0,-0.5919230664326427,7.63037477075269,10.0,0,Low,1.3605707098673996,0.90339382525839,0.9519625338528108,4.144556215612903,Moderate
159,EMP0162,2,1.75,2,0,0.0,0.0,0.0,0.0,0.0,0.0,0.0,1,0.0,0.0,1.0,1,0.0,0.0,0.0,0.0,5.0,-0.5919230664326427,6.917444437328996,10.0,0,Low,1.0779118551940559,-1.030073993606097,0.899969638410932,3.2876166655993493,Moderate
160,EMP0163,1,0.2857142857142857,1,2,75.0,36.0,8.0,10.489999999999998,18.0,0.0,0.0,0,119.0,1190.0,1.410409325020331,0,3.071428571428571,5.715,5.715,0.0,5.0,-0.9465671333606672,7.9451698052875495,10.0,0,High,-0.45900165072011306,-1.0785702586849655,0.828046347588582,5.791954042221704,Moderate
161,EMP0164,2,0.875,2,0,0.0,0.0,0.0,0.0,14.0,0.0,0.75,1,0.0,0.0,0.8747628083491462,1,2.625,0.0,0.0,0.5249999999999999,5.0,-0.5919230664326427,6.291258479074727,10.0,0,Low,0.08860586383735265,-0.4258653002109447,0.36879807682698,3.981188771861209,Moderate
162,EMP0165,0,0.0,0,2,46.0,40.0,10.0,14.12,0.0,0.0,0.0,0,96.0,960.0,1.0,0,6.0,5.553333333333333,5.553333333333333,0.0,5.0,-0.3961207158376089,6.865702822853107,10.0,0,High,-0.9459115518721087,-1.0785702586849655,0.8068675087982277,6.468188756761299,High
163,EMP0166,1,0.75,0,1,13.0,23.0,4.0,5.86,3.0,0.5,2.0,2,40.0,19.047619047619047,0.5982651124966115,0,2.75,2.31,0.0,1.4,9.5,-0.7207327002313515,3.338710301181237,5.0,0,Medium,0.09407081328160323,0.7362084144315363,0.5170039759814969,3.5008065451771855,Moderate
164,EMP0167,1,2.5,0,0,0.0,0.0,0.0,0.0,0.0,0.0,2.0,1,0.0,0.0,1.0,1,0.0,0.0,0.0,1.4,10.0,-0.5919230664326427,6.917444437328996,10.0,0,Low,1.925888419214087,0.5811491887809755,1.032986891475902,4.03761666559935,Moderate
165,EMP0168,2,1.2857142857142858,0,2,68.0,26.0,0.0,12.18,26.0,0.0,1.7142857142857142,0,94.0,51.811023622047244,2.4817023583627003,0,0.0,5.163333333333334,0.8776190476190484,1.2,10.0,-0.6902986910427694,10.0,10.0,0,High,1.2451830033118723,0.3250699210223179,0.7535172051256532,4.719404761904762,Moderate
166,EMP0169,1,1.0,1,1,4.0,4.0,6.0,9.97,0.0,0.0,4.0,1,14.0,3.414634146341464,1.0,0,1.5,2.1283333333333334,0.0,2.8,10.0,2.3999365903148737,5.753800476553127,10.0,0,Low,0.22993529117402453,2.192372371168048,1.607414750885649,4.313070071482969,Moderate
167,EMP0170,2,1.75,2,0,0.0,0.0,0.0,0.0,0.0,0.0,0.0,1,0.0,0.0,1.0,1,0.0,0.0,0.0,0.0,5.0,-0.5919230664326427,6.917444437328996,10.0,0,Low,1.0779118551940559,-1.030073993606097,0.899969638410932,3.2876166655993493,Moderate
168,EMP0171,0,0.0,0,0,0.0,0.0,0.0,0.0,2.0,0.0,0.0,2,0.0,0.0,0.7321767416644077,1,10.0,0.0,0.0,0.0,5.0,-0.5919230664326427,5.578328145651034,10.0,0,Low,-0.9007001275193506,-1.030073993606097,0.8408990625193633,6.086749221847655,High
169,EMP0172,1,0.8333333333333334,1,2,49.0,35.0,12.0,14.86,0.0,0.0,0.0,0,96.0,960.0,1.0,0,0.33333333333333304,5.676666666666667,5.676666666666667,0.0,5.0,-0.2839084984913105,7.063969747253585,10.0,0,High,0.4742423264878789,-1.0785702586849655,0.6122403612213849,4.828762128754704,Moderate
170,EMP0173,2,0.5714285714285714,2,1,20.0,5.0,5.0,8.29,13.0,0.8571428571428571,3.4285714285714284,1,30.0,8.502024291497976,0.74085117918135,0,2.1428571428571432,2.381666666666667,0.0,2.4,2.714285714285714,1.8957917334105778,4.0079368684155465,1.428571428571429,0,Low,-0.25462274540885055,1.732022890486027,1.2941457897684852,1.8654762445480464,Low
171,EMP0174,0,0.0,2,1,35.0,5.0,7.0,4.34,17.0,0.0,0.0,2,47.0,470.0,1.2764976958525347,0,8.0,2.29,2.29,0.0,5.0,-1.1919720611741003,7.1371241978104845,10.0,0,Medium,-0.9983085043297645,-0.8947101228540364,1.0283302294526337,6.2930686296715725,High
172,EMP0175,1,0.5714285714285714,2,0,0.0,0.0,0.0,0.0,6.0,0.8571428571428571,3.4285714285714284,2,0.0,0.0,0.19653022499322306,1,5.642857142857143,0.0,0.0,2.4,2.714285714285714,-0.5919230664326427,2.9000955622951112,1.428571428571429,0,Low,-0.25462274540885055,1.732022890486027,0.8595229007758401,2.7493000486299812,Low
173,EMP0176,1,0.1666666666666666,2,0,0.0,0.0,0.0,0.0,8.0,0.8333333333333334,3.333333333333333,2,0.0,0.0,0.07129303334236925,1,7.666666666666668,0.0,0.0,2.333333333333333,2.4999999999999982,-0.5919230664326427,2.273909604040842,1.6666666666666663,0,Low,-0.7122608910704548,1.6552979770390237,0.986493978180707,3.2660864406061263,Moderate
174,EMP0177,0,0.0,0,1,39.0,17.0,3.0,4.84,0.0,0.0,0.0,2,59.0,590.0,1.0,0,8.0,2.7733333333333334,2.7733333333333334,0.0,5.0,-1.0369591134955645,5.62067158043938,10.0,0,Medium,-0.9983085043297645,-0.8947101228540364,0.9766592468931218,6.18643407039924,High
175,EMP0178,0,0.0,0,1,13.0,21.0,8.0,6.79,0.0,0.0,2.0,2,42.0,20.0,1.0,0,8.0,2.5316666666666667,0.0,1.4,10.0,-0.4324086175492752,5.098211441816497,10.0,0,Medium,-0.9983085043297645,0.7362084144315363,0.7223085121035253,6.164731716272475,High
176,EMP0179,3,1.5714285714285714,2,1,1.0,5.0,8.0,9.98,4.0,0.8571428571428571,0.8571428571428571,1,14.0,14.626865671641792,0.4643534833288154,0,0.0,2.13,0.0,0.6,0.7142857142857145,2.402937452558352,3.0782471759593726,1.428571428571429,0,Low,0.8760126732845246,-0.33954977258306585,1.2061666328086476,0.7831656478224773,Low
177,EMP0180,2,1.8333333333333333,1,1,17.0,3.0,5.0,6.56,9.0,0.0,0.0,1,25.0,250.0,0.2052046625101654,0,0.0,1.9266666666666665,1.9266666666666665,0.0,5.0,1.3766425652888925,1.1858582578972026,10.0,0,Low,1.1721314734185038,-1.030073993606097,1.1929493441044976,2.9095454053512473,Low
178,EMP0181,0,0.0,2,2,5.0,26.0,12.0,15.32,28.0,0.0,1.9090909090909087,0,43.0,21.4027149321267,2.7495256166982927,0,6.0,3.9866666666666672,0.0,1.336363636363636,5.0,2.2121122698465445,10.0,10.0,0,Medium,-0.9983085043297645,0.6620757536458282,1.2908321759407124,5.55,Moderate
179,EMP0182,0,0.0,2,2,76.0,49.0,5.0,12.57,0.0,0.0,0.0,0,130.0,1300.0,1.0,0,6.0,6.428333333333334,6.428333333333334,0.0,5.0,-0.6311598197386391,6.45041399471697,10.0,0,High,-0.9459115518721087,-1.0785702586849655,0.8852138767652377,6.624645432540879,High
180,EMP0183,1,2.5,0,0,0.0,0.0,0.0,0.0,0.0,0.0,0.0,1,0.0,0.0,1.0,1,0.0,0.0,0.0,0.0,5.0,-0.5919230664326427,6.917444437328996,10.0,0,Low,1.925888419214087,-1.030073993606097,1.1826284930842756,3.2876166655993493,Moderate
181,EMP0184,1,0.25,1,4,77.0,81.0,15.0,24.55,7.0,0.875,1.75,0,173.0,93.51351351351352,0.0626185958254269,0,0.0,9.858333333333334,5.483333333333334,1.2249999999999999,1.7499999999999993,1.185464996219002,4.973287722922121,1.25,1,High,-0.5198653883641124,0.3543124247662197,0.6865476031164448,2.5668264917716517,Low
182,EMP0185,0,0.0,2,0,0.0,0.0,0.0,0.0,3.0,0.6666666666666666,1.3333333333333333,2,0.0,0.0,0.5982651124966115,1,10.0,0.0,0.0,0.9333333333333332,1.666666666666667,-0.5919230664326427,4.908769999812053,3.333333333333334,0,Low,-0.9007001275193506,0.044074794651951354,0.5122326628679815,4.486315499971808,Moderate
183,EMP0186,0,0.0,3,0,0.0,0.0,0.0,0.0,9.0,0.0,0.0,2,0.0,0.0,0.2052046625101654,1,10.0,0.0,0.0,0.0,5.0,-0.5919230664326427,2.9434677498798227,10.0,0,Low,-0.9007001275193506,-1.030073993606097,0.8408990625193633,5.691520162481973,Moderate
184,EMP0187,2,1.6,1,2,61.0,48.0,11.0,15.11,0.0,0.0,3.0,0,120.0,38.70967741935484,1.0,0,0.0,6.518333333333333,0.0,2.0999999999999996,10.0,-0.24599896560404755,7.130951816307801,10.0,0,High,1.7807838945790677,1.3778000558027805,1.1348609719952985,4.06964277244617,Moderate
185,EMP0188,6,2.125,0,0,0.0,0.0,0.0,0.0,13.0,0.875,1.75,1,0.0,0.0,0.74085117918135,1,0.0,0.0,0.0,1.2249999999999999,6.749999999999999,-0.5919230664326427,5.621700333235745,1.25,1,Low,1.5019001372040715,0.3797462909825915,0.824523164873102,2.0432550499853614,Low
186,EMP0189,0,0.0,2,1,5.0,16.0,7.0,9.96,0.0,0.0,0.0,2,28.0,280.0,1.0,0,8.0,2.5933333333333337,2.5933333333333337,0.0,5.0,2.396935728071396,5.751121193790958,10.0,0,Low,-0.9007001275193506,-1.030073993606097,1.442569949732281,6.1610015124019775,High
187,EMP0190,3,1.0,0,2,68.0,15.0,11.0,16.630000000000003,1.0,0.8571428571428571,1.7142857142857142,0,94.0,51.811023622047244,0.8660883708322038,0,0.0,5.905000000000001,1.6192857142857155,1.2,6.714285714285714,-0.015509005649488292,6.868644650318453,1.428571428571429,1,High,0.7582731021598763,0.3250699210223179,0.3662840096105608,2.6565466975477685,Low
188,EMP0191,1,0.25,0,2,46.0,44.0,2.0,14.27,0.0,0.0,0.0,0,92.0,920.0,1.0,0,3.25,5.444999999999999,5.444999999999999,0.0,5.0,-0.3733749961052511,6.905892064285637,10.0,0,High,-0.5198653883641124,-1.0785702586849655,0.6572702143847763,5.622133809642845,Moderate
189,EMP0192,0,0.0,1,2,75.0,24.0,6.0,11.01,12.0,0.7142857142857143,0.7142857142857143,0,105.0,128.94736842105263,0.6069395500135538,0,6.0,5.335,3.5492857142857144,0.5,1.4285714285714284,-0.86771530495516,4.067143633886433,2.8571428571428568,0,High,-0.9459115518721087,-0.49372018380693067,0.7691156802113998,3.9402501165115362,Moderate
190,EMP0193,2,1.375,4,0,0.0,0.0,0.0,0.0,3.0,0.875,2.625,1,0.0,0.0,0.5982651124966115,1,0.125,0.0,0.0,1.8375,0.625,-0.5919230664326427,4.908769999812053,1.25,0,Low,0.6539235731840402,1.0846564332769357,0.7768343576312061,1.0550654999718079,Low
191,EMP0194,2,1.3333333333333333,2,1,48.0,16.0,8.0,5.01,14.0,0.0,2.6666666666666665,1,72.0,26.02409638554217,0.8747628083491462,0,0.0,3.235,0.0,1.8666666666666665,5.0,-1.7775440942494711,4.948937815228244,10.0,0,High,1.3263346535038714,1.1048700208596975,1.4029162562043467,2.9923406722842367,Low
192,EMP0195,0,0.0,0,0,0.0,0.0,0.0,0.0,1.0,0.0,0.0,2,0.0,0.0,0.8660883708322038,1,10.0,0.0,0.0,0.0,5.0,-0.5919230664326427,6.247886291490015,10.0,0,Low,-0.9007001275193506,-1.030073993606097,0.8408990625193633,6.187182943723502,High
193,EMP0196,0,0.0,1,0,0.0,0.0,0.0,0.0,0.0,0.0,0.0,2,0.0,0.0,1.0,1,10.0,0.0,0.0,0.0,5.0,-0.5919230664326427,6.917444437328996,10.0,0,Low,-0.9007001275193506,-1.030073993606097,0.8408990625193633,6.28761666559935,High
194,EMP0197,0,0.0,1,1,40.0,21.0,5.0,8.16,6.0,0.0,0.0,2,66.0,660.0,0.19653022499322306,0,8.0,3.5600000000000005,3.5600000000000005,0.0,5.0,-0.007673140910087258,1.2515014215667204,10.0,0,Medium,-0.9983085043297645,-0.8947101228540364,0.6335639226979627,5.727725213235008,Moderate
195,EMP0198,0,0.0,0,0,0.0,0.0,0.0,0.0,0.0,1.0,2.0,2,0.0,0.0,1.0,1,10.0,0.0,0.0,1.4,7.0,-0.5919230664326427,6.917444437328996,0.0,0,Low,-0.9007001275193506,0.5811491887809755,0.6912574609109896,5.087616665599349,Moderate
196,EMP0199,1,0.6666666666666666,3,0,0.0,0.0,0.0,0.0,0.0,0.0,0.0,2,0.0,0.0,1.0,1,5.166666666666667,0.0,0.0,0.0,5.0,-0.5919230664326427,6.917444437328996,10.0,0,Low,-0.1469431817237672,-1.030073993606097,0.589646747254169,4.837616665599349,Moderate
197,EMP0200,4,2.0,1,0,0.0,0.0,0.0,0.0,13.0,0.0,1.7142857142857142,1,0.0,0.0,0.74085117918135,1,0.0,0.0,0.0,1.2,6.0,-0.5919230664326427,5.621700333235745,10.0,0,Low,1.3605707098673996,0.3509744484399651,0.7678227415800025,3.2432550499853616,Moderate
198,EMP0201,2,0.8571428571428571,2,1,9.0,28.0,3.0,4.93,9.0,0.0,2.142857142857143,1,40.0,17.8343949044586,0.2052046625101654,0,0.7142857142857144,2.155,0.0,1.4999999999999998,5.0,-1.0090567829134283,1.622581348130689,10.0,0,Medium,0.25012500151179856,0.85270259566622,0.7039614600304823,2.7076729165053175,Low
199,EMP0202,2,1.0,2,2,54.0,26.0,4.0,10.239999999999998,8.0,0.875,1.75,0,84.0,45.4054054054054,0.07129303334236925,0,0.0,4.506666666666667,0.13166666666666682,1.2249999999999999,0.625,-0.9844766662479302,1.1826062778435253,1.25,0,High,0.7582731021598763,0.3543124247662197,0.6990207310580088,0.4915576083431955,Low
200,EMP0203,3,2.333333333333333,1,1,21.0,27.0,7.0,4.75,0.0,0.0,0.0,1,55.0,550.0,1.0,0,0.0,2.625,2.625,0.0,5.0,-1.064861444077701,5.644785125298897,10.0,0,Medium,2.4002049282389346,-0.8947101228540364,1.4532588317235575,3.7529677687948344,Moderate
201,EMP0204,0,0.0,4,0,0.0,0.0,0.0,0.0,0.0,0.0,0.0,2,0.0,0.0,1.0,1,10.0,0.0,0.0,0.0,5.0,-0.5919230664326427,6.917444437328996,10.0,0,Low,-0.9007001275193506,-1.030073993606097,0.8408990625193633,6.28761666559935,High
202,EMP0205,0,0.0,2,1,9.0,29.0,5.0,5.35,0.0,0.0,0.0,2,43.0,430.0,1.0,0,8.0,2.325,2.325,0.0,5.0,-0.8788459068634582,5.48402815956878,10.0,0,Medium,-0.9983085043297645,-0.8947101228540364,0.9239548446824197,6.053854223935317,High
203,EMP0206,1,2.0,2,0,0.0,0.0,0.0,0.0,0.0,0.0,0.0,1,0.0,0.0,1.0,1,0.0,0.0,0.0,0.0,5.0,-0.5919230664326427,6.917444437328996,10.0,0,Low,1.3605707098673996,-1.030073993606097,0.9941892566353797,3.2876166655993493,Moderate
204,EMP0207,0,0.0,1,3,64.0,66.0,9.0,19.79,8.0,0.8571428571428571,3.4285714285714284,0,139.0,39.392712550607285,0.07129303334236925,0,4.0,7.931666666666666,0.0,2.4,7.714285714285714,0.463667490045515,3.7413213157145657,1.428571428571429,1,High,-0.9459115518721087,1.728710100729601,1.0460963808824082,3.132626768785756,Moderate
205,EMP0208,1,1.6666666666666667,0,0,0.0,0.0,0.0,0.0,0.0,0.0,0.0,1,0.0,0.0,1.0,1,0.16666666666666607,0.0,0.0,0.0,5.0,-0.5919230664326427,6.917444437328996,10.0,0,Low,0.983692236969608,-1.030073993606097,0.8685630990027825,3.337616665599349,Moderate
206,EMP0209,0,0.0,0,0,0.0,0.0,0.0,0.0,0.0,0.0,0.0,2,0.0,0.0,1.0,1,10.0,0.0,0.0,0.0,5.0,-0.5919230664326427,6.917444437328996,10.0,0,Low,-0.9007001275193506,-1.030073993606097,0.8408990625193633,6.28761666559935,High
207,EMP0210,2,1.5,1,2,24.0,28.0,3.0,12.46,0.0,0.0,1.0,1,55.0,49.99999999999999,1.0,0,0.0,3.91,1.4100000000000001,0.7,5.0,1.32543820912532,6.420941884333115,10.0,0,Medium,1.186450130892971,-0.07925085421125004,0.8637130647431803,3.5656412826499673,Moderate
208,EMP0211,1,0.6666666666666666,2,1,35.0,11.0,9.0,6.42,24.0,0.6666666666666666,1.3333333333333333,2,55.0,38.372093023255815,2.213879100027108,0,3.166666666666667,2.9033333333333333,0.0,0.9333333333333332,1.666666666666667,-0.5471181988313917,10.0,3.333333333333334,0,Medium,-0.027304666452993242,0.19256890200301202,0.25566392242913233,3.2,Moderate
209,EMP0212,0,0.0,1,0,0.0,0.0,0.0,0.0,0.0,0.0,0.0,2,0.0,0.0,1.0,1,10.0,0.0,0.0,0.0,5.0,-0.5919230664326427,6.917444437328996,10.0,0,Low,-0.9007001275193506,-1.030073993606097,0.8408990625193633,6.28761666559935,High
210,EMP0213,0,0.0,0,0,0.0,0.0,0.0,0.0,5.0,0.0,0.6666666666666666,2,0.0,0.0,0.33044185416101923,1,10.0,0.0,0.0,0.4666666666666666,7.333333333333333,-0.5919230664326427,3.569653708134092,10.0,0,Low,-0.9007001275193506,-0.4929995994770728,0.6618742644763553,6.135448056220113,High
211,EMP0214,1,1.0,0,2,42.0,48.0,12.0,14.5,3.0,0.0,3.0,0,102.0,32.90322580645161,0.5982651124966115,0,0.0,5.816666666666666,0.0,2.0999999999999996,10.0,-0.3384982258489691,4.958841130298573,10.0,0,High,0.7582731021598763,1.3778000558027805,0.8248571279372087,3.743826169544786,Moderate
212,EMP0215,2,0.8333333333333334,0,1,33.0,25.0,8.0,6.1,13.0,0.0,0.0,1,66.0,660.0,0.74085117918135,0,0.833333333333333,3.216666666666667,3.216666666666667,0.0,5.0,-0.6463264853456546,3.9873378483128827,10.0,0,Medium,0.2154462930161997,-0.8947101228540364,0.5854943004052969,3.902267343913599,Moderate
213,EMP0216,1,2.0,1,0,0.0,0.0,0.0,0.0,13.0,0.0,0.0,1,0.0,0.0,0.74085117918135,1,0.0,0.0,0.0,0.0,5.0,-0.5919230664326427,5.621700333235745,10.0,0,Low,1.3605707098673996,-1.030073993606097,0.9941892566353797,3.0932550499853617,Moderate
214,EMP0217,0,0.0,1,1,3.0,7.0,7.0,6.64,1.0,0.0,3.0,2,17.0,5.483870967741935,0.8660883708322038,0,8.0,1.6733333333333333,0.0,2.0999999999999996,10.0,1.4006494632367161,4.468842537410046,10.0,0,Low,-0.9007001275193506,1.3867607799745119,1.2293701235768595,6.070326380611506,High
215,EMP0218,1,0.375,4,0,0.0,0.0,0.0,0.0,10.0,0.0,0.0,2,0.0,0.0,0.33911629167796153,1,6.625,0.0,0.0,0.0,5.0,-0.5919230664326427,3.6130258957188035,10.0,0,Low,-0.4767118455093349,-1.030073993606097,0.6995696351826916,4.779453884357821,Moderate
216,EMP0219,0,0.0,2,3,90.0,42.0,13.0,22.79,25.0,0.0,2.142857142857143,0,145.0,64.64968152866241,2.347790729194904,0,4.0,8.631666666666666,3.274523809523809,1.4999999999999998,5.0,0.9185818846926705,10.0,10.0,1,High,-0.9459115518721087,0.6759799659491388,0.8468244675046392,5.768630952380953,Moderate
217,EMP0220,2,0.625,2,0,0.0,0.0,0.0,0.0,5.0,0.0,3.0,1,0.0,0.0,0.33044185416101923,1,3.875,0.0,0.0,2.0999999999999996,5.499999999999998,-0.5919230664326427,3.569653708134092,10.0,0,Low,-0.19405299083599112,1.3867607799745119,0.7242456124143818,4.022948056220113,Moderate
218,EMP0221,1,0.75,3,4,94.0,51.0,8.0,29.76,0.0,1.0,1.0,0,153.0,139.0909090909091,1.0,0,0.0,10.06,7.5600000000000005,0.7,0.0,1.9754996615895621,10.0,0.0,1,High,0.3322269386518801,-0.2597801538557168,0.855835584699053,3.39,Moderate
219,EMP0222,0,0.0,2,2,40.0,51.0,9.0,14.69,0.0,0.0,4.0,0,100.0,24.390243902439025,1.0,0,6.0,5.781666666666666,0.0,2.8,9.0,-0.3096869808546493,7.018421940296719,10.0,0,High,-0.9459115518721087,2.1965901606320295,1.1507295644529292,5.702763291044507,Moderate
220,EMP0223,0,0.0,2,1,30.0,21.0,9.0,9.62,11.0,0.0,1.6,2,60.0,35.29411764705882,0.47302792084575773,0,8.0,3.6033333333333335,0.0,1.1199999999999999,5.0,0.44496466631123677,3.0251651841060134,10.0,0,Medium,-0.9983085043297645,0.41002470697442184,0.6177659592051411,5.103774777615902,Moderate
221,EMP0224,0,0.0,2,1,48.0,26.0,8.0,5.88,0.0,1.0,1.0,2,82.0,74.54545454545453,1.0,0,8.0,3.7133333333333334,1.2133333333333334,0.7,0.0,-1.645618919801796,5.342026173173842,0.0,0,High,-0.9459115518721087,-0.2597801538557168,0.9504368751765405,3.5046372593094093,Moderate
222,EMP0225,2,1.375,1,2,65.0,28.0,3.0,12.89,33.0,0.0,1.875,0,96.0,48.60759493670886,3.4190837625372734,0,0.0,5.348333333333334,0.6608333333333336,1.3125,6.5625,-0.5826356176429425,10.0,10.0,1,High,1.3973423474218707,0.4566611878698758,0.8122130509782296,4.149583333333333,Moderate
223,EMP0226,1,0.5714285714285714,0,3,77.0,55.0,14.0,20.26,10.0,0.0,0.0,0,146.0,1460.0,0.33911629167796153,0,0.0,8.243333333333334,8.243333333333334,0.0,5.0,0.5349374118735697,5.2063638972144535,10.0,0,High,0.02790825043188268,-1.0785702586849655,0.5471386403301393,5.091787917915502,Moderate
224,EMP0227,1,0.6,1,0,0.0,0.0,0.0,0.0,5.0,0.6,1.8,2,0.0,0.0,0.33044185416101923,1,5.5,0.0,0.0,1.26,3.3,-0.5919230664326427,3.569653708134092,4.0,0,Low,-0.22231887630332553,0.42002687054226834,0.41142293775941213,3.280448056220114,Moderate
225,EMP0228,1,0.625,3,2,41.0,44.0,2.0,18.700000000000003,14.0,0.875,2.625,0,87.0,31.926605504587155,0.8747628083491462,0,1.375,6.0166666666666675,0.0,1.8375,0.625,0.29838192665704905,7.466628369672071,1.25,0,High,0.11920385689788193,1.0707537664918123,0.49611318334891447,1.8137442554508105,Low
226,EMP0229,0,0.0,0,5,65.0,78.0,26.0,31.75,0.0,0.0,0.0,0,169.0,1690.0,1.0,0,0.0,10.925,10.0,0.0,5.0,2.277259543372175,10.0,10.0,1,High,-0.9459115518721087,-1.0785702586849655,1.4339137846430832,6.25,High
227,EMP0230,0,0.0,1,1,35.0,25.0,4.0,4.85,8.0,0.0,0.0,2,64.0,640.0,0.07129303334236925,0,8.0,2.9416666666666664,2.9416666666666664,0.0,5.0,-1.033858854541994,0.9744574643890573,10.0,0,Medium,-0.9983085043297645,-0.8947101228540364,0.9756258272419317,5.531585286325025,Moderate
228,EMP0231,1,2.5,0,1,27.0,14.0,1.0,7.73,0.0,0.0,0.0,1,42.0,420.0,1.0,0,0.0,2.6883333333333335,2.6883333333333335,0.0,5.0,-0.1409842759136279,5.153641137827354,10.0,0,Medium,2.642955887708128,-0.8947101228540364,1.2262167621585973,3.6951295040074363,Moderate
229,EMP0232,1,0.2,1,0,0.0,0.0,0.0,0.0,3.0,0.8,0.8,2,0.0,0.0,0.5982651124966115,1,7.5,0.0,0.0,0.5599999999999999,0.9999999999999998,-0.5919230664326427,4.908769999812053,1.9999999999999996,0,Low,-0.6745730437806756,-0.38558472065126786,0.5506936102881954,3.4363154999718075,Moderate
230,EMP0233,0,0.0,2,1,38.0,7.0,3.0,6.68,6.0,0.8333333333333334,0.8333333333333334,2,48.0,51.42857142857143,0.19653022499322306,0,8.0,2.7133333333333334,0.6299999999999999,0.5833333333333334,0.8333333333333331,-0.46651146603855315,1.1103346771664675,1.6666666666666663,0,Medium,-0.9983085043297645,-0.21516073231838106,0.5599935675622328,3.09905020157497,Moderate
231,EMP0234,2,0.75,0,0,0.0,0.0,0.0,0.0,0.0,1.0,3.0,1,0.0,0.0,1.0,1,3.25,0.0,0.0,2.0999999999999996,10.0,-0.5919230664326427,6.917444437328996,0.0,0,Low,-0.05272356349931923,1.3867607799745119,0.677135803302158,3.5126166655993494,Moderate
232,EMP0235,1,0.4,1,1,2.0,25.0,0.0,5.21,0.0,0.0,0.0,2,27.0,270.0,1.0,0,4.5,1.768333333333333,1.768333333333333,0.0,5.0,0.9715261624193694,5.521538118239141,10.0,0,Low,-0.4484459600420005,-1.030073993606097,0.8166820386891557,4.8703140510692045,Moderate
233,EMP0236,1,1.6666666666666667,2,0,0.0,0.0,0.0,0.0,0.0,0.0,0.0,1,0.0,0.0,1.0,1,0.16666666666666607,0.0,0.0,0.0,5.0,-0.5919230664326427,6.917444437328996,10.0,0,Low,0.983692236969608,-1.030073993606097,0.8685630990027825,3.337616665599349,Moderate
234,EMP0237,0,0.0,1,1,28.0,23.0,1.0,8.84,15.0,0.0,0.0,2,52.0,520.0,1.0086744375169423,0,8.0,3.206666666666667,3.206666666666667,0.0,5.0,0.20314446793272123,5.494413712012784,10.0,0,Medium,-0.9983085043297645,-0.8947101228540364,0.6987210317055075,6.275828723468584,High
235,EMP0238,1,0.75,0,2,35.0,23.0,8.0,10.06,0.0,0.0,3.0,0,66.0,21.29032258064516,1.0,0,0.75,3.876666666666667,0.0,2.0999999999999996,10.0,0.5813760602683486,5.777914021412644,10.0,0,Medium,0.09407081328160323,1.5516676830743226,0.7423715188747582,4.091687103211896,Moderate
236,EMP0239,1,3.0,0,0,0.0,0.0,0.0,0.0,11.0,0.5,1.5,1,0.0,0.0,0.47302792084575773,1,0.0,0.0,0.0,1.0499999999999998,7.749999999999999,-0.5919230664326427,4.282584041557785,5.0,1,Low,2.491206128560775,0.17834339318420744,1.0871575293925417,2.5548876062336676,Low
237,EMP0241,0,0.0,2,0,0.0,0.0,0.0,0.0,0.0,0.0,0.0,2,0.0,0.0,1.0,1,10.0,0.0,0.0,0.0,5.0,-0.5919230664326427,6.917444437328996,10.0,0,Low,-0.9007001275193506,-1.030073993606097,0.8408990625193633,6.28761666559935,High
238,EMP0242,1,1.5,1,2,23.0,23.0,5.0,14.07,0.0,1.0,2.0,0,51.0,24.285714285714285,1.0,0,0.0,4.045,0.0,1.4,1.9999999999999996,1.824579900650205,6.8523064090422645,0.0,0,Medium,1.186450130892971,0.7362084144315363,1.2490794819915707,1.3278459613563394,Low
239,EMP0243,0,0.0,1,0,0.0,0.0,0.0,0.0,0.0,0.0,2.0,2,0.0,0.0,1.0,1,10.0,0.0,0.0,1.4,7.0,-0.5919230664326427,6.917444437328996,10.0,0,Low,-0.9007001275193506,0.5811491887809755,0.6912574609109896,6.587616665599349,High
240,EMP0244,2,1.5,1,0,0.0,0.0,0.0,0.0,0.0,1.0,1.0,1,0.0,0.0,1.0,1,0.0,0.0,0.0,0.7,0.0,-0.5919230664326427,6.917444437328996,0.0,0,Low,0.7952530005207121,-0.22446240241256066,0.5372128231219718,1.0376166655993493,Low
241,EMP0245,0,0.0,1,0,0.0,0.0,0.0,0.0,12.0,0.75,2.25,2,0.0,0.0,0.6069395500135538,1,10.0,0.0,0.0,1.575,4.125,-0.5919230664326427,4.952142187396765,2.5,0,Low,-0.9007001275193506,0.7825520865793596,0.7583917601771176,4.736571328109514,Moderate
242,EMP0246,1,0.3333333333333333,0,1,8.0,17.0,2.0,8.99,11.0,0.0,0.0,2,27.0,270.0,0.47302792084575773,0,4.833333333333334,2.3983333333333334,2.3983333333333334,0.0,5.0,2.1058520904540345,2.85637037008939,10.0,0,Low,-0.5238216546215588,-1.030073993606097,1.2199159128938968,4.728038888846742,Moderate
243,EMP0247,4,2.0,2,0,0.0,0.0,0.0,0.0,5.0,0.0,0.8888888888888888,1,0.0,0.0,0.33044185416101923,1,0.0,0.0,0.0,0.6222222222222221,5.0,-0.5919230664326427,3.569653708134092,10.0,0,Low,1.3605707098673996,-0.3139748014340647,0.755489525911369,2.7854480562201136,Low
244,EMP0248,1,0.5,0,2,87.0,25.0,11.0,15.13,0.0,0.0,0.0,0,123.0,1230.0,1.0,0,2.0,6.621666666666666,6.621666666666666,0.0,5.0,-0.24296620297306631,7.136310381832139,10.0,0,High,-0.0938192248561162,-1.0785702586849655,0.47178522883804935,5.575863223941488,Moderate
245,EMP0249,0,0.0,1,1,42.0,9.0,6.0,8.02,0.0,1.0,3.0,2,57.0,18.387096774193548,1.0,0,8.0,3.2366666666666664,0.0,2.0999999999999996,5.499999999999998,-0.051076766260077434,5.231340337930244,0.0,0,Medium,-0.9983085043297645,1.5516676830743226,0.8670176512213881,4.009701050689536,Moderate
246,EMP0250,1,0.5,0,1,44.0,1.0,0.0,9.43,0.0,0.0,3.0,2,45.0,14.516129032258064,1.0,0,4.0,3.0716666666666663,0.0,2.0999999999999996,10.0,0.38605974619339334,5.609119207396021,10.0,0,Medium,-0.270055625922186,1.5516676830743226,0.7359276850633006,5.041367881109403,Moderate
247,EMP0251,2,0.5,2,3,80.0,67.0,15.0,19.57,12.0,0.0,0.0,0,162.0,1620.0,0.6069395500135538,0,0.0,8.661666666666667,8.661666666666667,0.0,5.0,0.43030710110472375,6.3606096783027795,10.0,0,High,-0.0938192248561162,-1.0785702586849655,0.5342321948819352,5.369508118412083,Moderate
248,EMP0252,2,2.75,0,2,75.0,28.0,11.0,14.68,0.0,0.0,0.0,0,114.0,1140.0,1.0,0,0.0,6.246666666666666,6.246666666666666,0.0,5.0,-0.3112033621701398,7.015742657534551,10.0,0,High,3.7405962467158504,-1.0785702586849655,1.7101232891903184,4.864028065296849,Moderate
249,EMP0253,0,0.0,1,2,46.0,34.0,2.0,13.96,2.0,0.8,3.2,0,82.0,24.848484848484848,0.7321767416644077,0,6.0,5.0600000000000005,0.0,2.2399999999999998,7.199999999999999,-0.4203828168854569,5.483718006980448,1.9999999999999996,0,High,-0.9459115518721087,1.5415580767686303,0.969284148508732,4.002557701047067,Moderate
250,EMP0254,0,0.0,2,0,0.0,0.0,0.0,0.0,22.0,0.4,0.4,2,0.0,0.0,1.9460558416915155,1,10.0,0.0,0.0,0.27999999999999997,3.0,-0.5919230664326427,10.0,6.0,0,Low,-0.9007001275193506,-0.7078293571286823,0.7334841836935585,5.85,Moderate
251,EMP0255,1,1.0,1,0,0.0,0.0,0.0,0.0,9.0,0.0,2.0,1,0.0,0.0,0.2052046625101654,1,3.5,0.0,0.0,1.4,7.0,-0.5919230664326427,2.9434677498798227,10.0,0,Low,0.22993529117402453,0.5811491887809755,0.46766918212921427,4.041520162481973,Moderate
252,EMP0256,0,0.0,0,2,39.0,18.0,9.0,13.06,0.0,0.0,1.0,0,66.0,59.99999999999999,1.0,0,6.0,4.376666666666667,1.876666666666667,0.7,8.5,1.511453746339563,6.581698850063233,10.0,0,Medium,-0.9983085043297645,-0.07925085421125004,0.8630043682935259,6.0314214941761515,High
253,EMP0257,1,0.5,3,0,0.0,0.0,0.0,0.0,0.0,0.0,4.0,2,0.0,0.0,1.0,1,6.0,0.0,0.0,2.8,5.0,-0.5919230664326427,6.917444437328996,10.0,0,Low,-0.335382418172663,2.192372371168048,1.039892618591118,5.087616665599349,Moderate
254,EMP0258,1,1.0,0,1,11.0,16.0,1.0,6.66,7.0,0.0,2.25,1,28.0,11.914893617021276,0.0626185958254269,0,1.5,2.0433333333333334,0.0,1.575,10.0,1.4066511877236723,0.4461350968518238,10.0,0,Low,0.22993529117402453,0.7825520865793596,0.8063795218256855,3.5169202645277737,Moderate
255,EMP0259,3,2.8,0,0,0.0,0.0,0.0,0.0,16.0,0.6,0.6,1,0.0,0.0,1.1425860666847387,1,0.0,0.0,0.0,0.42,4.1,-0.5919230664326427,7.63037477075269,4.0,1,Low,2.2650790448221,-0.5467070388899752,1.134569716714906,2.3595562156129035,Low
256,EMP0260,0,0.0,3,2,64.0,26.0,9.0,15.53,0.0,0.0,4.0,0,99.0,24.146341463414636,1.0,0,6.0,5.888333333333334,0.0,2.8,5.0,-0.1823109503534458,7.243481692318884,10.0,0,High,-0.9459115518721087,2.1965901606320295,1.1082708876191947,5.136522253847833,Moderate
257,EMP0261,1,0.5,0,0,0.0,0.0,0.0,0.0,8.0,0.5,1.5,2,0.0,0.0,0.07129303334236925,1,6.0,0.0,0.0,1.0499999999999998,7.749999999999999,-0.5919230664326427,2.273909604040842,5.0,0,Low,-0.335382418172663,0.17834339318420744,0.3685496259298377,4.053586440606126,Moderate
258,EMP0262,2,0.7777777777777778,1,1,8.0,11.0,2.0,5.45,2.0,0.0,0.8888888888888888,1,21.0,21.235955056179776,0.7321767416644077,0,1.1111111111111107,1.6083333333333334,0.0,0.6222222222222221,5.0,1.0435468562628403,4.118119040269132,10.0,0,Low,-0.02131702409116991,-0.3139748014340647,0.4596128939293583,3.201051189373703,Moderate
259,EMP0263,1,0.5,2,1,41.0,28.0,0.0,5.25,15.0,0.0,0.0,2,69.0,690.0,1.0086744375169423,0,4.0,3.1750000000000003,3.1750000000000003,0.0,5.0,-1.7411509426776985,5.554193174775178,10.0,0,High,-0.0938192248561162,-1.0785702586849655,0.9711801420729268,5.0768789762162765,Moderate
260,EMP0264,0,0.0,0,0,0.0,0.0,0.0,0.0,11.0,0.5,2.0,2,0.0,0.0,0.47302792084575773,1,10.0,0.0,0.0,1.4,9.5,-0.5919230664326427,4.282584041557785,5.0,0,Low,-0.9007001275193506,0.5811491887809755,0.6912574609109896,5.817387606233668,Moderate
261,EMP0265,1,1.0,0,1,26.0,28.0,0.0,7.14,15.0,0.0,0.8,2,54.0,60.0,1.0086744375169423,0,1.5,2.9899999999999998,0.9899999999999998,0.5599999999999999,7.8,-0.3238995541743003,5.047808732725307,10.0,0,Medium,0.4581972524853925,-0.24234270793980728,0.34147983819983335,4.124671309908796,Moderate
262,EMP0266,1,1.0,1,0,0.0,0.0,0.0,0.0,21.0,0.0,0.0,2,0.0,0.0,1.8121442125237195,1,3.5,0.0,0.0,0.0,5.0,-0.5919230664326427,10.0,10.0,0,Low,0.22993529117402453,-1.030073993606097,0.6173107837375881,4.8,Moderate
263,EMP0267,0,0.0,2,1,22.0,3.0,4.0,9.31,15.0,0.0,2.0,2,29.0,13.809523809523808,1.0086744375169423,0,8.0,2.5183333333333335,0.0,1.4,5.0,2.201879682245329,5.620340001834709,10.0,0,Low,-0.9007001275193506,0.5811491887809755,1.2279096661818851,5.493051000275206,Moderate
264,EMP0268,0,0.0,1,0,0.0,0.0,0.0,0.0,17.0,0.0,0.0,2,0.0,0.0,1.2764976958525347,1,10.0,0.0,0.0,0.0,5.0,-0.5919230664326427,8.299932916591668,10.0,0,Low,-0.9007001275193506,-1.030073993606097,0.8408990625193633,6.49498993748875,High
265,EMP0269,1,0.1428571428571428,2,1,30.0,28.0,6.0,9.55,4.0,0.0,0.0,2,64.0,640.0,0.4643534833288154,0,5.7857142857142865,3.725,3.725,0.0,5.0,0.4232628536362422,2.9630380171861215,10.0,0,Medium,-0.7902362533561708,-0.8947101228540364,0.7027364099488165,5.361419988292204,Moderate
266,EMP0270,2,2.333333333333333,0,1,2.0,17.0,7.0,9.46,0.0,1.0,4.0,1,26.0,6.341463414634147,1.0,0,0.0,2.4433333333333334,0.0,2.8,10.0,2.2468926158974982,5.617157055682527,0.0,1,Low,1.737449182765191,2.192372371168048,2.0589047232769127,2.3425735583523792,Low
267,EMP0271,0,0.0,0,1,37.0,8.0,6.0,6.76,9.0,0.0,0.0,2,51.0,510.0,0.2052046625101654,0,8.0,2.826666666666667,2.826666666666667,0.0,5.0,-0.4417093944099874,1.13227260265383,10.0,0,Medium,-0.9983085043297645,-0.8947101228540364,0.7782426738645961,5.526507557064741,Moderate
268,EMP0272,3,0.5833333333333334,3,2,38.0,17.0,8.0,17.05,21.0,0.6666666666666666,0.6666666666666666,0,63.0,82.17391304347827,1.8121442125237195,0,0.0,4.941666666666666,3.275,0.4666666666666666,1.666666666666667,2.748457068814278,10.0,3.333333333333334,1,Medium,-0.14868014618758954,-0.3510706104255122,1.0827359418091265,3.06875,Moderate
269,EMP0273,1,0.25,2,0,0.0,0.0,0.0,0.0,0.0,0.0,3.0,2,0.0,0.0,1.0,1,7.25,0.0,0.0,2.0999999999999996,5.499999999999998,-0.5919230664326427,6.917444437328996,10.0,0,Low,-0.6180412728460067,1.3867607799745119,0.8655750397510538,5.537616665599349,Moderate
270,EMP0274,1,1.0,2,0,0.0,0.0,0.0,0.0,17.0,0.6,1.8,2,0.0,0.0,1.2764976958525347,1,3.5,0.0,0.0,1.26,2.0,-0.5919230664326427,8.299932916591668,4.0,0,Low,0.22993529117402453,0.42002687054226834,0.41396174271631186,3.1949899374887507,Moderate
271,EMP0275,0,0.0,1,0,0.0,0.0,0.0,0.0,0.0,0.0,1.0,2,0.0,0.0,1.0,1,10.0,0.0,0.0,0.7,5.0,-0.5919230664326427,6.917444437328996,10.0,0,Low,-0.9007001275193506,-0.22446240241256066,0.5723618654548513,6.28761666559935,High
272,EMP0276,1,0.8333333333333334,0,3,92.0,55.0,13.0,22.49,23.0,0.0,0.0,0,160.0,1600.0,2.079967470859312,0,0.0,9.081666666666667,9.081666666666667,0.0,5.0,0.8730904452279549,10.0,10.0,0,High,0.4742423264878789,-1.0785702586849655,0.8086343434669331,6.020416666666667,High
273,EMP0277,2,1.5,1,1,27.0,26.0,6.0,7.31,0.0,0.0,1.0,1,59.0,53.63636363636363,1.0,0,0.0,3.1849999999999996,0.6849999999999996,0.7,5.0,-0.27119515196359817,5.041111261816272,10.0,0,Medium,1.186450130892971,-0.07925085421125004,0.5122987123559397,3.1774166892724405,Moderate
274,EMP0278,1,1.5,1,0,0.0,0.0,0.0,0.0,0.0,0.0,4.0,1,0.0,0.0,1.0,1,1.0,0.0,0.0,2.8,10.0,-0.5919230664326427,6.917444437328996,10.0,0,Low,0.7952530005207121,2.192372371168048,1.1931828127071344,4.3376166655993496,Moderate
275,EMP0279,1,0.8333333333333334,1,3,75.0,32.0,13.0,17.990000000000002,0.0,1.0,1.0,0,120.0,109.09090909090908,1.0,0,0.0,6.998333333333333,4.498333333333333,0.7,0.0,0.19071885325722213,7.902585251812367,0.0,0,High,0.4742423264878789,-0.2597801538557168,0.30824711120027265,2.309971121105188,Low
276,EMP0280,1,1.6666666666666667,1,0,0.0,0.0,0.0,0.0,0.0,1.0,4.0,1,0.0,0.0,1.0,1,0.16666666666666607,0.0,0.0,2.8,9.0,-0.5919230664326427,6.917444437328996,0.0,1,Low,0.983692236969608,2.192372371168048,1.255995891523433,2.437616665599349,Low
277,EMP0281,2,1.25,2,0,0.0,0.0,0.0,0.0,0.0,0.0,0.0,1,0.0,0.0,1.0,1,0.75,0.0,0.0,0.0,5.0,-0.5919230664326427,6.917444437328996,10.0,0,Low,0.5125941458473683,-1.030073993606097,0.7115304019620359,3.5126166655993494,Moderate
278,EMP0282,0,0.0,1,0,0.0,0.0,0.0,0.0,15.0,0.6,2.4,2,0.0,0.0,1.0086744375169423,1,10.0,0.0,0.0,1.68,5.3999999999999995,-0.5919230664326427,6.960816624913708,4.0,0,Low,-0.9007001275193506,0.90339382525839,0.7986723397367944,5.454122493737056,Moderate
279,EMP0283,1,0.2857142857142857,3,1,37.0,23.0,4.0,9.8,8.0,0.0,0.0,2,64.0,640.0,0.07129303334236925,0,5.071428571428571,3.7666666666666666,3.7666666666666666,0.0,5.0,0.5007693274755101,1.0647178363081065,10.0,0,Medium,-0.5821640023825768,-0.8947101228540364,0.6592144842373744,4.872802913541454,Moderate
280,EMP0284,0,0.0,0,0,0.0,0.0,0.0,0.0,8.0,0.0,0.0,2,0.0,0.0,0.07129303334236925,1,10.0,0.0,0.0,0.0,5.0,-0.5919230664326427,2.273909604040842,10.0,0,Low,-0.9007001275193506,-1.030073993606097,0.8408990625193633,5.5910864406061265,Moderate
281,EMP0285,2,0.5,4,3,59.0,40.0,15.0,15.64,21.0,0.8333333333333334,3.333333333333333,0,114.0,33.20388349514563,1.8121442125237195,0,0.0,6.406666666666666,0.0,2.333333333333333,0.8333333333333331,-0.1656307558830499,10.0,1.6666666666666663,1,High,-0.0938192248561162,1.6507300907458633,0.6367266904950099,1.875,Low
282,EMP0286,3,1.8571428571428568,1,1,11.0,28.0,8.0,8.24,0.0,0.0,0.0,1,47.0,470.0,1.0,0,0.0,2.9400000000000004,2.9400000000000004,0.0,5.0,0.01712893071847848,5.290284558697954,10.0,0,Medium,1.706630758326955,-0.8947101228540364,0.8728232706331567,3.778542683804693,Moderate
283,EMP0287,2,1.0,1,0,0.0,0.0,0.0,0.0,9.0,0.0,2.142857142857143,1,0.0,0.0,0.2052046625101654,1,2.0,0.0,0.0,1.4999999999999998,7.499999999999999,-0.5919230664326427,2.9434677498798227,10.0,0,Low,0.22993529117402453,0.6962365589514807,0.5060316388527161,3.666520162481973,Moderate
284,EMP0288,1,2.5,0,1,19.0,14.0,7.0,7.4,0.0,0.0,0.0,1,40.0,400.0,1.0,0,0.0,2.5666666666666664,2.5666666666666664,0.0,5.0,-0.2432928213814615,5.065224806675789,10.0,0,Medium,2.642955887708128,-0.8947101228540364,1.2603196106478751,3.651450387668035,Moderate
285,EMP0289,1,1.5,0,1,12.0,11.0,2.0,5.66,1.0,0.0,0.0,1,25.0,250.0,0.8660883708322038,0,0.0,1.7766666666666666,1.7766666666666666,0.0,5.0,1.1065649633758772,4.731412248102571,10.0,0,Low,0.7952530005207121,-1.030073993606097,0.9772973191675621,3.4038785038820523,Moderate
286,EMP0290,1,0.6666666666666666,0,1,25.0,18.0,4.0,8.69,7.0,0.0,0.8333333333333334,2,47.0,50.357142857142854,0.0626185958254269,0,3.166666666666667,3.015,0.9316666666666666,0.5833333333333334,7.916666666666667,0.15664058362916042,0.7239452621226766,10.0,0,Medium,-0.027304666452993242,-0.21516073231838106,0.1330353274668449,3.9790084559850682,Moderate
287,EMP0291,0,0.0,0,1,21.0,20.0,8.0,8.71,13.0,0.75,2.25,2,49.0,20.851063829787233,0.74085117918135,0,8.0,3.085,0.0,1.575,9.125,0.16284110153630227,4.12046674442663,2.5,0,Medium,-0.9983085043297645,0.9400732315922329,0.7004076124860998,4.761820011663994,Moderate
288,EMP0292,2,1.8333333333333333,1,2,79.0,15.0,13.0,15.27,0.0,0.0,3.0,0,107.0,34.516129032258064,1.0,0,0.0,6.111666666666666,0.0,2.0999999999999996,10.0,-0.22173686455619923,7.1738203405025,10.0,0,High,2.1784269805198635,1.3778000558027805,1.2593213002929478,4.076073051075375,Moderate
289,EMP0293,2,1.1666666666666667,1,1,31.0,27.0,7.0,6.05,11.0,0.0,0.0,1,65.0,650.0,0.47302792084575773,0,0.0,3.1750000000000003,3.1750000000000003,0.0,5.0,-0.6618277801135081,2.6616179704457643,10.0,0,Medium,0.7009482119545855,-0.8947101228540364,0.75249537164071,3.442992695566865,Moderate
290,EMP0294,1,0.4,3,0,0.0,0.0,0.0,0.0,1.0,0.0,0.0,2,0.0,0.0,0.8660883708322038,1,6.5,0.0,0.0,0.0,5.0,-0.5919230664326427,6.247886291490015,10.0,0,Low,-0.4484459600420005,-1.030073993606097,0.6901476733602467,5.137182943723502,Moderate
291,EMP0295,0,0.0,0,1,15.0,13.0,4.0,8.86,14.0,0.6666666666666666,1.3333333333333333,2,32.0,22.325581395348838,0.8747628083491462,0,8.0,2.543333333333333,0.0,0.9333333333333332,6.333333333333333,2.066840881288821,4.830214131698139,3.333333333333334,0,Low,-0.9007001275193506,0.044074794651951354,1.0038719344867078,4.57453211975472,Moderate
292,EMP0296,2,0.8333333333333334,0,1,34.0,24.0,9.0,8.78,4.0,0.0,1.6666666666666667,1,67.0,37.92452830188679,0.4643534833288154,0,0.833333333333333,3.6966666666666663,0.0,1.1666666666666667,10.0,-1.2058683383095457,2.7567332444991366,10.0,0,High,0.4742423264878789,0.2860799160304491,0.6553968602759579,3.6635099866748706,Moderate
293,EMP0297,1,1.3333333333333333,0,1,24.0,19.0,2.0,9.95,3.0,0.0,0.0,1,45.0,450.0,0.5982651124966115,0,0.0,3.158333333333333,3.158333333333333,0.0,5.0,0.5472732117790704,3.739767473511847,10.0,0,Medium,0.943699171423778,-0.8947101228540364,0.7952275020189616,3.6005484543601103,Moderate
294,EMP0298,0,0.0,1,1,21.0,10.0,2.0,5.8,0.0,0.0,4.0,2,33.0,8.048780487804878,1.0,0,8.0,2.066666666666667,0.0,2.8,10.0,1.1485770347845683,5.363460435271191,10.0,0,Low,-0.9007001275193506,2.192372371168048,1.4138831778239889,6.204519065290679,High
295,EMP0299,3,2.0,2,0,0.0,0.0,0.0,0.0,4.0,0.0,0.0,1,0.0,0.0,0.4643534833288154,1,0.0,0.0,0.0,0.0,5.0,-0.5919230664326427,4.239211853973073,10.0,0,Low,1.3605707098673996,-1.030073993606097,0.9941892566353797,2.885881778095961,Low
296,EMP0300,1,0.3333333333333333,2,1,10.0,27.0,2.0,8.09,23.0,0.0,0.0,2,39.0,390.0,2.079967470859312,0,4.833333333333334,2.6483333333333334,2.6483333333333334,0.0,5.0,-0.029374953585082346,10.0,10.0,0,Medium,-0.5128065853913789,-0.8947101228540364,0.47896388727683253,5.8620833333333335,Moderate
297,EMP0301,1,1.2,0,2,27.0,15.0,13.0,15.01,1.0,0.8,1.6,0,55.0,32.35294117647059,0.8660883708322038,0,0.0,4.335,0.33499999999999996,1.1199999999999999,6.6,2.116004242285852,6.434600842847134,1.9999999999999996,0,Medium,0.7494984038484238,0.41002470697442184,1.0918424510362326,2.3389401264270697,Low
298,EMP0302,1,0.3333333333333333,1,1,0.0,17.0,9.0,9.1,0.0,1.0,1.0,2,26.0,23.636363636363633,1.0,0,4.833333333333334,2.3833333333333333,0.0,0.7,0.0,2.138861575132292,5.520702876244456,0.0,0,Low,-0.5238216546215588,-0.22446240241256066,0.9623818773888039,2.2781054314366687,Low
299,EMP0303,0,0.0,2,1,4.0,15.0,8.0,8.37,22.0,0.0,2.857142857142857,2,27.0,9.130434782608695,1.9460558416915155,0,8.0,2.295,0.0,2.0,5.0,1.9197986313584015,10.0,10.0,0,Low,-0.9007001275193506,1.2716734098040066,1.3640573895605863,6.15,High
300,EMP0304,1,0.8,1,2,15.0,36.0,1.0,16.259999999999998,13.0,0.0,1.6,0,52.0,30.588235294117645,0.74085117918135,0,0.5,4.443333333333333,0.44333333333333336,1.1199999999999999,5.6,2.5035366114821906,6.143325229863944,10.0,0,Medium,0.16689610112236114,0.41002470697442184,1.0268191398596578,3.5223321178129248,Moderate
301,EMP0305,0,0.0,4,1,6.0,9.0,0.0,5.27,0.0,0.0,4.0,2,15.0,3.658536585365854,1.0,0,8.0,1.3783333333333334,0.0,2.8,5.0,0.989531335880237,5.505462421666129,10.0,0,Low,-0.9007001275193506,2.192372371168048,1.3608679448558787,5.4758193632499195,Moderate
302,EMP0306,4,1.1428571428571428,0,2,47.0,10.0,11.0,16.46,0.0,0.0,0.0,0,68.0,680.0,1.0,0,0.0,5.01,5.01,0.0,5.0,-0.04128748801282736,7.492654989200567,10.0,1,High,1.001728052735874,-1.0785702586849655,0.707195266477889,4.6263982483800845,Moderate
303,EMP0307,0,0.0,2,0,0.0,0.0,0.0,0.0,2.0,0.0,0.0,2,0.0,0.0,0.7321767416644077,1,10.0,0.0,0.0,0.0,5.0,-0.5919230664326427,5.578328145651034,10.0,0,Low,-0.9007001275193506,-1.030073993606097,0.8408990625193633,6.086749221847655,High
304,EMP0308,0,0.0,0,1,2.0,15.0,0.0,8.13,6.0,0.0,0.0,2,17.0,170.0,0.19653022499322306,0,8.0,1.9216666666666666,1.9216666666666666,0.0,5.0,1.847777937514931,1.2434635732802146,10.0,0,Low,-0.9007001275193506,-1.030073993606097,1.259517352880126,5.316936202658699,Moderate
305,EMP0309,0,0.0,3,1,14.0,13.0,6.0,7.78,19.0,0.7142857142857143,2.857142857142857,2,33.0,11.159420289855072,1.544320954188127,0,8.0,2.396666666666667,0.0,2.0,1.4285714285714284,1.7427477589932026,7.888642322578832,2.8571428571428568,0,Low,-0.9007001275193506,1.2716734098040066,1.30504043210552,4.226153491243968,Moderate
306,EMP0310,1,0.1666666666666666,1,1,0.0,22.0,4.0,5.39,0.0,0.0,3.0,2,26.0,8.387096774193548,1.0,0,5.666666666666668,1.7650000000000001,0.0,2.0999999999999996,10.0,1.0255416828019723,5.473311028520105,10.0,0,Low,-0.7122608910704548,1.3867607799745119,1.0415211179489796,5.520996654278016,Moderate
307,EMP0311,0,0.0,0,0,0.0,0.0,0.0,0.0,9.0,0.0,0.0,2,0.0,0.0,0.2052046625101654,1,10.0,0.0,0.0,0.0,5.0,-0.5919230664326427,2.9434677498798227,10.0,0,Low,-0.9007001275193506,-1.030073993606097,0.8408990625193633,5.691520162481973,Moderate
308,EMP0312,0,0.0,0,2,75.0,21.0,8.0,11.989999999999998,10.0,0.0,0.6666666666666666,0,104.0,135.6521739130435,0.33911629167796153,0,6.0,5.465,3.7983333333333333,0.4666666666666666,7.333333333333333,-0.7191099360370894,2.9905970529009966,10.0,0,High,-0.9459115518721087,-0.5327101887987997,0.7325772255693327,5.798172891268483,Moderate
309,EMP0313,0,0.0,1,0,0.0,0.0,0.0,0.0,3.0,0.0,0.0,2,0.0,0.0,0.5982651124966115,1,10.0,0.0,0.0,0.0,5.0,-0.5919230664326427,4.908769999812053,10.0,0,Low,-0.9007001275193506,-1.030073993606097,0.8408990625193633,5.986315499971808,Moderate
310,EMP0314,0,0.0,1,0,0.0,0.0,0.0,0.0,1.0,0.0,0.0,2,0.0,0.0,0.8660883708322038,1,10.0,0.0,0.0,0.0,5.0,-0.5919230664326427,6.247886291490015,10.0,0,Low,-0.9007001275193506,-1.030073993606097,0.8408990625193633,6.187182943723502,High
311,EMP0315,0,0.0,0,2,40.0,19.0,13.0,17.67,12.0,0.0,0.0,0,72.0,720.0,0.6069395500135538,0,6.0,5.345000000000001,5.345000000000001,0.0,5.0,0.1421946511615255,5.85154595349074,10.0,0,High,-0.9459115518721087,-1.0785702586849655,0.7222254872395332,6.263981893023611,High
312,EMP0316,3,1.8571428571428568,0,2,49.0,42.0,3.0,12.829999999999998,0.0,0.0,0.0,0,94.0,940.0,1.0,0,0.0,5.2716666666666665,5.2716666666666665,0.0,5.0,-0.5917339055358859,6.520075346533353,10.0,0,High,2.219002805615863,-1.0785702586849655,1.2964356566122381,4.545927968646669,Moderate
313,EMP0317,2,1.8,1,0,0.0,0.0,0.0,0.0,14.0,0.0,0.8,1,0.0,0.0,0.8747628083491462,1,0.0,0.0,0.0,0.5599999999999999,5.0,-0.5919230664326427,6.291258479074727,10.0,0,Low,1.1344436261287247,-0.38558472065126786,0.7039838044042117,3.193688771861209,Moderate
314,EMP0318,2,1.5,1,0,0.0,0.0,0.0,0.0,0.0,1.0,4.0,1,0.0,0.0,1.0,1,0.0,0.0,0.0,2.8,9.0,-0.5919230664326427,6.917444437328996,0.0,1,Low,0.7952530005207121,2.192372371168048,1.1931828127071344,2.3876166655993494,Low
315,EMP0319,1,0.2857142857142857,0,3,89.0,28.0,7.0,22.75,29.0,0.0,0.5714285714285714,0,124.0,184.6808510638298,2.8834372458660886,0,1.0714285714285712,7.924999999999999,6.49642857142857,0.39999999999999997,7.0,0.9125163594307085,10.0,10.0,1,High,-0.45900165072011306,-0.6106901987825376,0.660736069644453,5.9955357142857135,Moderate
316,EMP0320,4,1.5,1,0,0.0,0.0,0.0,0.0,0.0,0.0,2.0,1,0.0,0.0,1.0,1,0.0,0.0,0.0,1.4,7.0,-0.5919230664326427,6.917444437328996,10.0,0,Low,0.7952530005207121,0.5811491887809755,0.6561084185781102,3.5876166655993496,Moderate
317,EMP0321,1,3.0,0,1,5.0,7.0,7.0,8.01,0.0,0.0,1.0,1,19.0,17.27272727272727,1.0,0,0.0,1.9683333333333333,0.0,0.7,8.5,1.8117675905931954,5.228661055168075,10.0,0,Low,2.491206128560775,-0.22446240241256066,1.5091453738555103,3.559299158275211,Moderate
318,EMP0322,1,0.375,1,0,0.0,0.0,0.0,0.0,4.0,0.875,2.625,2,0.0,0.0,0.4643534833288154,1,6.625,0.0,0.0,1.8375,4.8125,-0.5919230664326427,4.239211853973073,1.25,0,Low,-0.4767118455093349,1.0846564332769357,0.7177637817396377,3.5327567780959606,Moderate
319,EMP0323,1,0.2,1,1,5.0,25.0,5.0,8.26,4.0,0.0,0.0,2,35.0,350.0,0.4643534833288154,0,5.5,2.543333333333333,2.543333333333333,0.0,5.0,1.886789146680144,2.617410540866368,10.0,0,Low,-0.6745730437806756,-1.030073993606097,1.1971453946889723,4.928444914463288,Moderate
320,EMP0324,1,0.3333333333333333,1,1,33.0,27.0,3.0,5.7,10.0,0.0,0.0,2,63.0,630.0,0.33911629167796153,0,4.833333333333334,3.05,3.05,0.0,5.0,-0.770336843488483,2.0858347212826853,10.0,0,Medium,-0.5128065853913789,-0.8947101228540364,0.7259511839112994,4.775375208192403,Moderate
321,EMP0325,0,0.0,2,1,24.0,22.0,8.0,4.84,0.0,0.0,0.0,2,54.0,540.0,1.0,0,8.0,2.6066666666666665,2.6066666666666665,0.0,5.0,-1.0369591134955645,5.62067158043938,10.0,0,Medium,-0.9983085043297645,-0.8947101228540364,0.9766592468931218,6.1447674037325735,High
322,EMP0326,1,1.0,0,1,27.0,7.0,1.0,8.27,0.0,1.0,3.0,1,35.0,11.29032258064516,1.0,0,1.5,2.545,0.0,2.0999999999999996,10.0,1.889790008923622,5.29832240698446,0.0,0,Low,0.22993529117402453,1.3867607799745119,1.1688286933573862,2.744748361047669,Low
323,EMP0327,1,0.8571428571428571,2,3,96.0,62.0,15.0,21.48,14.0,0.0,1.7142857142857142,0,173.0,95.35433070866142,0.8747628083491462,0,0.0,9.346666666666668,5.060952380952382,1.2,5.0,0.7199359323634128,8.211468977554949,10.0,0,High,0.5148181515838784,0.3250699210223179,0.5199413349898697,4.746958441871338,Moderate
324,EMP0328,0,0.0,2,0,0.0,0.0,0.0,0.0,1.0,0.8,0.8,2,0.0,0.0,0.8660883708322038,1,10.0,0.0,0.0,0.5599999999999999,0.9999999999999998,-0.5919230664326427,6.247886291490015,1.9999999999999996,0,Low,-0.9007001275193506,-0.38558472065126786,0.6260693048677537,4.387182943723502,Moderate
325,EMP0329,1,0.5,0,0,0.0,0.0,0.0,0.0,0.0,1.0,2.0,2,0.0,0.0,1.0,1,6.0,0.0,0.0,1.4,7.0,-0.5919230664326427,6.917444437328996,0.0,0,Low,-0.335382418172663,0.5811491887809755,0.5028182244620938,3.887616665599349,Moderate
326,EMP0330,0,0.0,0,1,37.0,23.0,2.0,8.53,0.0,1.0,4.0,2,62.0,15.121951219512196,1.0,0,8.0,3.4883333333333333,0.0,2.8,10.0,0.10703644037202893,5.367983758800844,0.0,1,Medium,-0.9983085043297645,2.367126951717109,1.157490632139634,4.705197563820127,Moderate
327,EMP0331,0,0.0,0,1,10.0,18.0,6.0,8.88,2.0,0.0,0.0,2,34.0,340.0,0.7321767416644077,0,8.0,2.6133333333333333,2.6133333333333333,0.0,5.0,2.072842605775777,4.122642363798785,10.0,0,Low,-0.9007001275193506,-1.030073993606097,1.334538908967075,5.9217296879031505,Moderate
328,EMP0332,2,1.0,2,0,0.0,0.0,0.0,0.0,18.0,0.0,2.0,1,0.0,0.0,1.410409325020331,1,2.0,0.0,0.0,1.4,5.0,-0.5919230664326427,8.96949106243065,10.0,0,Low,0.22993529117402453,0.5811491887809755,0.46766918212921427,4.1954236593645975,Moderate
329,EMP0333,0,0.0,0,2,52.0,23.0,4.0,14.27,0.0,0.0,0.0,0,79.0,790.0,1.0,0,6.0,5.011666666666666,5.011666666666666,0.0,5.0,-0.3733749961052511,6.905892064285637,10.0,0,High,-0.9459115518721087,-1.0785702586849655,0.7992856022207752,6.338800476309512,High
330,EMP0334,4,2.375,2,2,41.0,58.0,4.0,16.549999999999997,0.0,0.0,2.0,0,103.0,49.047619047619044,1.0,0,0.0,6.191666666666666,1.1916666666666664,1.4,5.0,-0.02764005617341326,7.516768534060083,10.0,1,High,3.101527001453856,0.5590099509735319,1.2293923362002672,3.675431946775679,Moderate
331,EMP0335,0,0.0,1,1,25.0,15.0,2.0,4.28,2.0,0.8,1.6,2,42.0,24.705882352941174,0.7321767416644077,0,8.0,2.1133333333333333,0.0,1.1199999999999999,1.5999999999999992,-1.2105736148955244,4.431595123442861,1.9999999999999996,0,Medium,-0.9983085043297645,0.41002470697442184,0.8729689420665703,3.6047392685164286,Moderate
332,EMP0336,0,0.0,2,0,0.0,0.0,0.0,0.0,10.0,0.0,0.0,2,0.0,0.0,0.33911629167796153,1,10.0,0.0,0.0,0.0,5.0,-0.5919230664326427,3.6130258957188035,10.0,0,Low,-0.9007001275193506,-1.030073993606097,0.8408990625193633,5.79195388435782,Moderate
333,EMP0337,0,0.0,2,1,6.0,2.0,5.0,9.23,0.0,1.0,3.0,2,13.0,4.193548387096774,1.0,0,8.0,1.971666666666667,0.0,2.0999999999999996,0.4999999999999982,2.1778727842975054,5.5555335521526485,0.0,0,Low,-0.9007001275193506,1.3867607799745119,1.4884445639304562,3.308330032822897,Moderate
334,EMP0338,1,0.5,3,2,40.0,35.0,4.0,15.34,27.0,0.0,1.4,0,79.0,52.666666666666664,2.6156139875304962,0,2.0,5.1899999999999995,1.6899999999999995,0.9799999999999999,5.0,-0.21112219534776558,10.0,10.0,0,High,-0.0938192248561162,0.06773588807598262,0.12422576942662146,4.7725,Moderate
335,EMP0339,0,0.0,1,2,71.0,28.0,8.0,17.93,23.0,0.0,0.5,0,107.0,178.33333333333334,2.079967470859312,0,6.0,6.555,5.305,0.35,5.0,0.18162056536427867,10.0,10.0,0,High,-0.9459115518721087,-0.6691752062703411,0.5989024411689096,6.87625,High
336,EMP0340,1,0.8,1,1,47.0,13.0,0.0,4.45,0.0,0.0,4.0,1,60.0,14.634146341463415,1.0,0,2.5,2.7416666666666667,0.0,2.8,10.0,-1.1578692126848222,5.725163608163956,10.0,0,Medium,0.16689610112236114,2.367126951717109,1.2306307551747642,4.6087745412245935,Moderate
337,EMP0341,2,1.3333333333333333,0,2,38.0,8.0,2.0,11.260000000000002,3.0,0.0,0.0,1,48.0,480.0,0.5982651124966115,0,0.0,3.476666666666667,3.476666666666667,0.0,5.0,0.9534071346968347,4.090753515355938,10.0,0,Medium,0.943699171423778,-0.8947101228540364,0.9306054763248831,3.7327796939700573,Moderate
338,EMP0342,0,0.0,0,5,142.0,74.0,8.0,39.62,7.0,0.7777777777777778,1.5555555555555556,0,224.0,135.3020134228188,0.0626185958254269,0,0.0,14.07,10.0,1.0888888888888888,6.555555555555555,3.4706516386632127,9.010966845510245,2.2222222222222223,1,High,-0.9459115518721087,0.19510323771608806,1.5372221427504698,5.168311693493203,Moderate
339,EMP0343,2,2.6666666666666665,0,0,0.0,0.0,0.0,0.0,0.0,0.0,3.0,1,0.0,0.0,1.0,1,0.0,0.0,0.0,2.0999999999999996,10.0,-0.5919230664326427,6.917444437328996,10.0,0,Low,2.114327655662983,1.3867607799745119,1.3643371673567124,4.03761666559935,Moderate
340,EMP0344,0,0.0,0,0,0.0,0.0,0.0,0.0,12.0,0.0,0.0,2,0.0,0.0,0.6069395500135538,1,10.0,0.0,0.0,0.0,5.0,-0.5919230664326427,4.952142187396765,10.0,0,Low,-0.9007001275193506,-1.030073993606097,0.8408990625193633,5.992821328109515,Moderate
341,EMP0345,2,0.8888888888888888,1,1,17.0,14.0,8.0,9.72,17.0,0.0,3.111111111111111,1,39.0,12.145328719723183,1.2764976958525347,0,0.5555555555555554,2.92,0.0,2.1777777777777776,10.0,0.4759672558469443,7.069306886761584,10.0,0,Medium,0.2963632795059305,1.6422742684790768,0.8048682679439839,4.227062699680904,Moderate
342,EMP0346,0,0.0,1,1,13.0,29.0,0.0,8.82,19.0,0.0,0.0,2,42.0,420.0,1.544320954188127,0,8.0,2.87,2.87,0.0,5.0,0.19694395002557993,8.16728772984437,10.0,0,Medium,-0.9983085043297645,-0.8947101228540364,0.696654192403127,6.592593159476655,High
343,EMP0347,1,0.4,0,1,9.0,22.0,9.0,7.07,24.0,0.0,2.4,2,40.0,16.0,2.213879100027108,0,4.5,2.5116666666666667,0.0,1.68,10.0,-0.3456013668492951,10.0,10.0,0,Medium,-0.4157062016037017,1.0623921218886507,0.6078998967805491,5.85,Moderate
344,EMP0348,1,0.3333333333333333,0,1,43.0,5.0,5.0,6.44,0.0,0.0,3.0,2,53.0,17.096774193548388,1.0,0,4.833333333333334,2.84,0.0,2.0999999999999996,10.0,-0.5409176809242501,5.191986338492399,10.0,0,Medium,-0.5128065853913789,1.5516676830743226,0.8684639831299839,5.22879795077386,Moderate
345,EMP0349,0,0.0,1,0,0.0,0.0,0.0,0.0,0.0,0.0,0.0,2,0.0,0.0,1.0,1,10.0,0.0,0.0,0.0,5.0,-0.5919230664326427,6.917444437328996,10.0,0,Low,-0.9007001275193506,-1.030073993606097,0.8408990625193633,6.28761666559935,High
346,EMP0350,1,1.0,1,1,4.0,16.0,7.0,7.14,3.0,0.0,3.333333333333333,1,27.0,7.864077669902913,0.5982651124966115,0,1.5,2.09,0.0,2.333333333333333,10.0,1.5506925754106136,2.995762107623653,10.0,0,Low,0.22993529117402453,1.6552979770390237,1.1453086145412206,3.899364316143548,Moderate
347,EMP0351,2,1.6666666666666667,1,0,0.0,0.0,0.0,0.0,0.0,1.0,2.0,1,0.0,0.0,1.0,1,0.0,0.0,0.0,1.4,1.9999999999999996,-0.5919230664326427,6.917444437328996,0.0,0,Low,0.983692236969608,0.5811491887809755,0.7189214973944088,1.337616665599349,Low
348,EMP0352,0,0.0,1,0,0.0,0.0,0.0,0.0,16.0,0.5,1.5,2,0.0,0.0,1.1425860666847387,1,10.0,0.0,0.0,1.0499999999999998,2.749999999999999,-0.5919230664326427,7.63037477075269,5.0,0,Low,-0.9007001275193506,0.17834339318420744,0.5569888623787336,5.307056215612903,Moderate
349,EMP0353,2,0.8888888888888888,2,1,33.0,1.0,0.0,7.29,13.0,0.0,0.0,1,34.0,340.0,0.74085117918135,0,0.5555555555555554,2.348333333333333,2.348333333333333,0.0,5.0,1.595705509062783,3.7400085921986843,10.0,0,Low,0.10430913354142725,-1.030073993606097,0.9100295454034356,3.5647512888298025,Moderate
350,EMP0354,1,0.625,1,1,25.0,5.0,2.0,6.51,20.0,0.0,0.0,2,32.0,320.0,1.6782325833559233,0,3.375,2.1516666666666664,2.1516666666666664,0.0,5.0,1.3616382540715029,8.564394275936836,10.0,0,Low,-0.19405299083599112,-1.030073993606097,0.861921746171197,5.085075808057192,Moderate
351,EMP0355,2,1.1666666666666667,1,1,42.0,29.0,3.0,6.43,5.0,0.8333333333333334,0.8333333333333334,1,74.0,79.28571428571428,0.33044185416101923,0,0.0,3.538333333333333,1.4549999999999996,0.5833333333333334,0.8333333333333331,-1.5622179474498175,1.846874892059664,1.6666666666666663,0,High,1.042303877831874,-0.39624517132725817,1.0002556655363166,1.0157812338089496,Low
352,EMP0356,2,1.0,1,1,4.0,4.0,4.0,5.79,15.0,0.7142857142857143,0.7142857142857143,1,12.0,14.736842105263158,1.0086744375169423,0,0.0,1.3650000000000002,0.0,0.5,1.4285714285714284,1.1455761725410905,5.409511905618072,2.8571428571428568,0,Low,0.22993529117402453,-0.454637142753571,0.610049535489562,1.4542839286998537,Low
353,EMP0357,1,0.75,0,0,0.0,0.0,0.0,0.0,14.0,0.5,1.5,2,0.0,0.0,0.8747628083491462,1,4.75,0.0,0.0,1.0499999999999998,7.749999999999999,-0.5919230664326427,6.291258479074727,5.0,0,Low,-0.05272356349931923,0.17834339318420744,0.2743300077053898,4.281188771861209,Moderate
354,EMP0358,0,0.0,2,3,70.0,50.0,20.0,25.14,0.0,0.0,0.0,0,140.0,1400.0,1.0,0,4.0,8.856666666666666,8.856666666666666,0.0,5.0,1.2749314938329426,9.818272426762935,10.0,0,High,-0.9459115518721087,-1.0785702586849655,1.0998044347966722,7.136907530681107,High
355,EMP0359,1,0.5,0,2,52.0,46.0,12.0,14.17,10.0,0.0,0.0,0,110.0,1100.0,0.33911629167796153,0,2.0,6.028333333333333,6.028333333333333,0.0,5.0,-0.3885388092601562,3.5746806950537584,10.0,0,High,-0.0938192248561162,-1.0785702586849655,0.520309430933746,4.893285437591397,Moderate
356,EMP0360,1,0.2,1,0,0.0,0.0,0.0,0.0,8.0,0.8,1.6,2,0.0,0.0,0.07129303334236925,1,7.5,0.0,0.0,1.1199999999999999,1.5999999999999992,-0.5919230664326427,2.273909604040842,1.9999999999999996,0,Low,-0.6745730437806756,0.25890455230356113,0.5084668875056265,3.131086440606126,Moderate
357,EMP0361,1,1.25,1,0,0.0,0.0,0.0,0.0,11.0,0.0,3.0,1,0.0,0.0,0.47302792084575773,1,2.25,0.0,0.0,2.0999999999999996,10.0,-0.5919230664326427,4.282584041557785,10.0,0,Low,0.5125941458473683,1.3867607799745119,0.8304259974181744,4.317387606233668,Moderate
358,EMP0362,1,1.0,1,2,68.0,29.0,14.0,17.84,4.0,0.0,3.333333333333333,0,111.0,32.33009708737864,0.4643534833288154,0,0.0,6.673333333333334,0.0,2.333333333333333,10.0,0.167973133524864,5.184163427023914,10.0,0,High,0.7582731021598763,1.6507300907458633,0.8589921088102012,3.777624514053587,Moderate
359,EMP0363,2,1.75,1,1,25.0,0.0,1.0,8.37,0.0,0.0,0.0,1,26.0,260.0,1.0,0,0.0,2.2616666666666667,2.2616666666666667,0.0,5.0,1.9197986313584015,5.325115234606146,10.0,0,Low,1.0779118551940559,-1.030073993606097,1.342594826719518,3.6141839518575885,Moderate
360,EMP0364,0,0.0,1,0,0.0,0.0,0.0,0.0,14.0,0.0,1.0,2,0.0,0.0,0.8747628083491462,1,10.0,0.0,0.0,0.7,5.0,-0.5919230664326427,6.291258479074727,10.0,0,Low,-0.9007001275193506,-0.22446240241256066,0.5723618654548513,6.193688771861209,High
361,EMP0365,0,0.0,2,3,107.0,51.0,18.0,23.45,30.0,0.0,0.0,0,176.0,1760.0,3.0173488750338846,0,4.0,9.775,9.775,0.0,5.0,1.0186630515150448,10.0,10.0,1,High,-0.9459115518721087,-1.0785702586849655,1.0143816206907064,7.39375,High
362,EMP0366,1,1.2,0,1,24.0,15.0,2.0,7.36,0.0,1.0,2.0,1,41.0,19.523809523809522,1.0,0,0.5,2.5933333333333337,0.0,1.4,7.0,-0.25569385719574433,5.054507675627114,0.0,0,Medium,0.7494984038484238,0.7362084144315363,0.5804668918252348,1.958176151344067,Low
363,EMP0367,0,0.0,1,0,0.0,0.0,0.0,0.0,0.0,0.0,2.0,2,0.0,0.0,1.0,1,10.0,0.0,0.0,1.4,7.0,-0.5919230664326427,6.917444437328996,10.0,0,Low,-0.9007001275193506,0.5811491887809755,0.6912574609109896,6.587616665599349,High
364,EMP0368,0,0.0,1,0,0.0,0.0,0.0,0.0,0.0,0.0,0.0,2,0.0,0.0,1.0,1,10.0,0.0,0.0,0.0,5.0,-0.5919230664326427,6.917444437328996,10.0,0,Low,-0.9007001275193506,-1.030073993606097,0.8408990625193633,6.28761666559935,High
365,EMP0369,0,0.0,0,2,37.0,39.0,15.0,17.12,0.0,0.0,3.0,0,91.0,29.35483870967742,1.0,0,6.0,5.886666666666667,0.0,2.0999999999999996,10.0,0.05879367880954687,7.669487651503696,10.0,0,High,-0.9459115518721087,1.3778000558027805,0.7941684288281454,5.950423147725554,Moderate
366,EMP0370,0,0.0,1,0,0.0,0.0,0.0,0.0,14.0,0.5,1.0,2,0.0,0.0,0.8747628083491462,1,10.0,0.0,0.0,0.7,2.5,-0.5919230664326427,6.291258479074727,5.0,0,Low,-0.9007001275193506,-0.22446240241256066,0.5723618654548513,5.068688771861209,Moderate
367,EMP0371,0,0.0,4,1,0.0,1.0,4.0,4.28,20.0,0.0,0.0,2,5.0,50.0,1.6782325833559233,0,8.0,0.88,0.88,0.0,5.0,0.6924459737759201,9.16187433190044,10.0,0,Low,-0.9007001275193506,-1.030073993606097,0.8744066983004558,6.244281149785066,High
368,EMP0372,0,0.0,1,1,25.0,17.0,7.0,8.56,0.0,1.0,1.0,2,49.0,44.54545454545454,1.0,0,8.0,3.06,0.56,0.7,0.0,0.11633721723274143,5.37602160708735,0.0,0,Medium,-0.9983085043297645,-0.07925085421125004,0.3979655252579187,3.3464032410631024,Moderate
369,EMP0373,2,1.1666666666666667,1,1,36.0,3.0,2.0,5.21,12.0,0.0,0.0,1,41.0,410.0,0.6069395500135538,0,0.0,2.235,2.235,0.0,5.0,-0.9222495322134481,3.5562358683069095,10.0,0,Medium,0.7009482119545855,-0.8947101228540364,0.8393026223406901,3.342185380246036,Moderate
370,EMP0375,1,3.0,0,0,0.0,0.0,0.0,0.0,7.0,0.0,0.0,1,0.0,0.0,0.0626185958254269,1,0.0,0.0,0.0,0.0,5.0,-0.5919230664326427,2.2305374164561305,10.0,0,Low,2.491206128560775,-1.030073993606097,1.3710677295331717,2.58458061246842,Low
371,EMP0376,0,0.0,2,0,0.0,0.0,0.0,0.0,7.0,0.6,0.6,2,0.0,0.0,0.0626185958254269,1,10.0,0.0,0.0,0.42,2.0,-0.5919230664326427,2.2305374164561305,4.0,0,Low,-0.9007001275193506,-0.5467070388899752,0.6797767442806562,4.234580612468419,Moderate
372,EMP0377,1,0.2857142857142857,1,2,19.0,49.0,12.0,13.2,14.0,0.7142857142857143,2.142857142857143,0,80.0,35.6687898089172,0.8747628083491462,0,3.071428571428571,4.866666666666667,0.0,1.4999999999999998,3.9285714285714275,-0.5356277968627365,5.993022850479324,2.8571428571428568,0,High,-0.45900165072011306,0.6759799659491388,0.5568698045106628,2.838239141857612,Low
373,EMP0378,1,1.2,1,2,37.0,17.0,1.0,18.95,14.0,0.0,0.0,0,55.0,550.0,0.8747628083491462,0,0.0,4.991666666666666,4.991666666666666,0.0,5.0,3.3375062699927134,7.533610438726285,10.0,0,Medium,0.7494984038484238,-0.8947101228540364,1.6605715988983913,4.627958232475609,Moderate
374,EMP0379,0,0.0,1,0,0.0,0.0,0.0,0.0,0.0,1.0,3.0,2,0.0,0.0,1.0,1,10.0,0.0,0.0,2.0999999999999996,5.499999999999998,-0.5919230664326427,6.917444437328996,0.0,0,Low,-0.9007001275193506,1.3867607799745119,0.9597946579755018,4.862616665599349,Moderate
375,EMP0380,1,0.6,0,3,102.0,29.0,22.0,21.91,0.0,0.0,2.0,0,153.0,72.85714285714285,1.0,0,0.0,8.751666666666667,3.751666666666667,1.4,10.0,0.785140328929505,8.95286409458247,10.0,0,High,0.07659924054708227,0.5590099509735319,0.4735831734833731,5.280846280854037,Moderate
376,EMP0381,1,1.5,3,0,0.0,0.0,0.0,0.0,0.0,0.0,0.0,1,0.0,0.0,1.0,1,1.0,0.0,0.0,0.0,5.0,-0.5919230664326427,6.917444437328996,10.0,0,Low,0.7952530005207121,-1.030073993606097,0.8057500201864839,3.5876166655993496,Moderate
377,EMP0382,1,0.8,0,0,0.0,0.0,0.0,0.0,5.0,0.0,2.4,1,0.0,0.0,0.33044185416101923,1,4.5,0.0,0.0,1.68,10.0,-0.5919230664326427,3.569653708134092,10.0,0,Low,0.0038082074353495724,0.90339382525839,0.49970836637546073,4.885448056220113,Moderate
378,EMP0383,0,0.0,3,1,39.0,12.0,7.0,9.71,2.0,0.8571428571428571,3.4285714285714284,2,58.0,16.437246963562753,0.7321767416644077,0,8.0,3.5516666666666667,0.0,2.4,0.7142857142857145,0.4728669968933737,4.345022833058781,1.428571428571429,0,Medium,-0.9983085043297645,1.9011502267783738,1.124108576000504,3.373181996387389,Moderate
379,EMP0384,1,0.75,3,2,92.0,33.0,17.0,8.16,16.0,0.0,3.5,0,142.0,39.44444444444444,1.1425860666847387,0,0.75,6.093333333333334,0.0,2.4499999999999997,5.0,-1.2998839798699577,5.981780630024299,10.0,0,High,0.3322269386518801,1.7871951082174051,1.1397686755797476,3.372267094503645,Moderate
380,EMP0385,3,1.6666666666666667,0,0,0.0,0.0,0.0,0.0,19.0,0.6666666666666666,0.6666666666666666,1,0.0,0.0,1.544320954188127,1,0.0,0.0,0.0,0.4666666666666666,4.0,-0.5919230664326427,9.63904920826963,3.333333333333334,1,Low,0.983692236969608,-0.4929995994770728,0.6895383009597745,2.5458573812404444,Low
381,EMP0386,0,0.0,3,1,9.0,8.0,6.0,4.67,13.0,0.0,0.0,2,23.0,230.0,0.74085117918135,0,8.0,1.545,1.545,0.0,5.0,0.80947960127156,4.370475283302996,10.0,0,Low,-0.9007001275193506,-1.030073993606097,0.9134179074656692,5.691821292495449,Moderate
382,EMP0387,1,0.1666666666666666,3,1,44.0,0.0,0.0,9.25,6.0,0.0,0.0,2,44.0,440.0,0.19653022499322306,0,5.666666666666668,3.0083333333333337,3.0083333333333337,0.0,5.0,0.3302550850291206,1.5435432426431008,10.0,0,Medium,-0.7555575448605718,-0.8947101228540364,0.6601742509145763,4.933614819729799,Moderate
383,EMP0388,0,0.0,1,1,18.0,14.0,4.0,8.69,0.0,1.0,3.0,2,36.0,11.612903225806452,1.0,0,8.0,2.6483333333333334,0.0,2.0999999999999996,5.499999999999998,2.0158262231496957,5.410852282995542,0.0,0,Low,-0.9007001275193506,1.3867607799745119,1.4344290435478528,4.036627842449331,Moderate
384,EMP0389,4,1.3333333333333333,2,0,0.0,0.0,0.0,0.0,16.0,0.0,2.0,1,0.0,0.0,1.1425860666847387,1,0.0,0.0,0.0,1.4,5.0,-0.5919230664326427,7.63037477075269,10.0,0,Low,0.6068137640718162,0.5811491887809755,0.5932953397618115,3.394556215612903,Moderate
385,EMP0390,1,2.0,0,1,41.0,13.0,3.0,4.88,0.0,0.0,0.0,1,57.0,570.0,1.0,0,0.0,2.713333333333333,2.713333333333333,0.0,5.0,-1.0245580776812817,5.609954449390705,10.0,0,Medium,1.9147030093005495,-0.8947101228540364,1.2779904032786227,3.769826500741939,Moderate
386,EMP0391,2,1.0,2,0,0.0,0.0,0.0,0.0,0.0,1.0,2.0,1,0.0,0.0,1.0,1,2.0,0.0,0.0,1.4,0.0,-0.5919230664326427,6.917444437328996,0.0,0,Low,0.22993529117402453,0.5811491887809755,0.46766918212921427,1.6376166655993494,Low
387,EMP0392,2,0.875,1,3,71.0,49.0,5.0,20.38,8.0,0.0,1.75,0,125.0,67.56756756756756,0.07129303334236925,0,0.0,7.5633333333333335,3.1883333333333335,1.2249999999999999,6.124999999999999,0.5531339876594555,3.8993989986825146,10.0,0,High,0.5452500204058782,0.3543124247662197,0.4842321442771845,3.8007431831357104,Moderate
388,EMP0393,3,1.3333333333333333,0,0,0.0,0.0,0.0,0.0,13.0,0.0,0.8333333333333334,1,0.0,0.0,0.74085117918135,1,0.0,0.0,0.0,0.5833333333333334,7.916666666666667,-0.5919230664326427,5.621700333235745,10.0,0,Low,0.6068137640718162,-0.3587310009448167,0.5191559438164252,3.5307550499853617,Moderate
389,EMP0394,2,2.6666666666666665,1,0,0.0,0.0,0.0,0.0,0.0,0.0,4.0,1,0.0,0.0,1.0,1,0.0,0.0,0.0,2.8,10.0,-0.5919230664326427,6.917444437328996,10.0,1,Low,2.114327655662983,2.192372371168048,1.6328743644212247,4.03761666559935,Moderate
390,EMP0395,1,0.5454545454545454,3,0,0.0,0.0,0.0,0.0,32.0,0.0,0.0,2,0.0,0.0,3.285172133369477,1,5.772727272727273,0.0,0.0,0.0,5.0,-0.5919230664326427,10.0,10.0,0,Low,-0.283989899141146,-1.030073993606097,0.6353289863932953,5.481818181818182,Moderate
391,EMP0396,2,1.6,0,1,8.0,22.0,4.0,4.06,0.0,1.0,1.0,1,34.0,30.909090909090907,1.0,0,0.0,1.81,0.0,0.7,3.5,0.626427004419405,5.829655635888533,0.0,0,Low,0.9083165423900497,-0.22446240241256066,0.5864019830740052,1.3994483453832798,Low
392,EMP0397,3,0.8888888888888888,2,1,41.0,2.0,0.0,7.1,5.0,0.0,0.0,1,43.0,430.0,0.33044185416101923,0,0.0,2.6166666666666667,2.6166666666666667,0.0,5.0,-0.33630058998858314,1.6673629469943658,10.0,0,Medium,0.2963632795059305,-0.8947101228540364,0.5091246641161834,3.1542711087158217,Moderate
393,EMP0398,0,0.0,1,0,0.0,0.0,0.0,0.0,0.0,0.0,3.0,2,0.0,0.0,1.0,1,10.0,0.0,0.0,2.0999999999999996,10.0,-0.5919230664326427,6.917444437328996,10.0,0,Low,-0.9007001275193506,1.3867607799745119,0.9597946579755018,7.03761666559935,High
394,EMP0399,1,0.8571428571428571,1,3,37.0,22.0,19.0,22.26,3.0,0.0,0.0,0,78.0,780.0,0.5982651124966115,0,0.0,6.3100000000000005,6.3100000000000005,0.0,5.0,0.8382136749716734,7.037964553741428,10.0,0,High,0.5148181515838784,-1.0785702586849655,0.8105340284135057,4.883194683061214,Moderate
395,EMP0400,0,0.0,0,1,16.0,12.0,3.0,6.92,18.0,0.0,0.0,2,31.0,310.0,1.410409325020331,0,8.0,2.1866666666666665,2.1866666666666665,0.0,5.0,1.4846736060540988,7.11542739100996,10.0,0,Low,-0.9007001275193506,-1.030073993606097,1.1384825757265153,6.26398077531816,High
396,EMP0401,0,0.0,0,1,31.0,9.0,2.0,9.24,7.0,0.4,1.6,2,42.0,24.705882352941174,0.0626185958254269,0,8.0,2.9400000000000004,0.0,1.1199999999999999,8.6,0.3271548260755499,0.8713058140419514,6.0,0,Medium,-0.9983085043297645,0.41002470697442184,0.5784960124599121,4.720695872106292,Moderate
397,EMP0402,3,2.5,0,0,0.0,0.0,0.0,0.0,5.0,0.0,0.75,1,0.0,0.0,0.33044185416101923,1,0.0,0.0,0.0,0.5249999999999999,7.625,-0.5919230664326427,3.569653708134092,10.0,0,Low,1.925888419214087,-0.4258653002109447,0.9812255952858916,3.179198056220114,Moderate
398,EMP0403,1,0.25,2,1,24.0,25.0,2.0,7.63,27.0,0.625,1.25,2,51.0,37.77777777777778,2.6156139875304962,0,5.25,2.9716666666666667,0.0,0.875,1.875,-0.1719868654493352,10.0,3.75,0,Medium,-0.6341820651259753,0.12461396294944654,0.3102609645082523,3.91875,Moderate
399,EMP0404,0,0.0,0,0,0.0,0.0,0.0,0.0,11.0,0.0,0.0,2,0.0,0.0,0.47302792084575773,1,10.0,0.0,0.0,0.0,5.0,-0.5919230664326427,4.282584041557785,10.0,0,Low,-0.9007001275193506,-1.030073993606097,0.8408990625193633,5.892387606233668,Moderate
400,EMP0406,2,2.0,0,0,0.0,0.0,0.0,0.0,7.0,0.0,0.0,1,0.0,0.0,0.0626185958254269,1,0.0,0.0,0.0,0.0,5.0,-0.5919230664326427,2.2305374164561305,10.0,0,Low,1.3605707098673996,-1.030073993606097,0.9941892566353797,2.58458061246842,Low
401,EMP0407,1,1.25,0,1,30.0,23.0,1.0,9.15,0.0,0.0,0.0,1,54.0,540.0,1.0,0,0.25,3.3249999999999997,3.3249999999999997,0.0,5.0,0.29925249549341354,5.534099290055299,10.0,0,Medium,0.8223236916891817,-0.8947101228540364,0.6720954366788772,3.986364893508295,Moderate
402,EMP0408,2,2.0,1,1,18.0,13.0,5.0,5.86,0.0,0.0,1.0,1,36.0,32.72727272727273,1.0,0,0.0,2.1766666666666667,0.0,0.7,5.0,1.1665822082454362,5.34738473869818,10.0,0,Low,1.3605707098673996,-0.22446240241256066,0.9172051068417989,3.052107710804727,Moderate
403,EMP0409,1,1.0,2,2,22.0,32.0,6.0,12.39,13.0,0.0,0.0,0,60.0,600.0,0.74085117918135,0,0.0,4.065,4.065,0.0,5.0,1.303736396450325,5.106442800904685,10.0,0,Medium,0.4581972524853925,-0.8947101228540364,0.8855479239299179,4.032216420135702,Moderate
404,EMP0410,0,0.0,0,1,34.0,18.0,4.0,4.47,0.0,1.0,4.0,2,56.0,13.658536585365855,1.0,0,8.0,2.611666666666667,0.0,2.8,10.0,-1.151668694777681,5.719805042639619,0.0,1,Medium,-0.9983085043297645,2.367126951717109,1.5057013836081847,4.757970756395943,Moderate
405,EMP0411,0,0.0,0,3,86.0,32.0,8.0,18.99,6.0,0.0,1.5,0,126.0,78.75,0.19653022499322306,0,4.0,7.365,3.615,1.0499999999999998,10.0,0.3423569848062734,4.153164652995344,10.0,0,High,-0.9459115518721087,0.14961489855890756,0.47929447841242984,5.726724697949301,Moderate
406,EMP0412,1,0.6666666666666666,0,1,34.0,23.0,6.0,8.15,1.0,0.6666666666666666,0.6666666666666666,2,63.0,82.17391304347827,0.8660883708322038,0,3.166666666666667,3.4583333333333335,1.791666666666667,0.4666666666666666,4.0,-0.010773399863657907,4.596612867999455,3.333333333333334,0,Medium,-0.027304666452993242,-0.3510706104255122,0.1297162255807211,3.187408596866585,Moderate
407,EMP0413,1,1.0,2,0,0.0,0.0,0.0,0.0,4.0,0.8,2.4,1,0.0,0.0,0.4643534833288154,1,3.5,0.0,0.0,1.68,0.9999999999999998,-0.5919230664326427,4.239211853973073,1.9999999999999996,0,Low,0.22993529117402453,0.90339382525839,0.5750840609550191,2.135881778095961,Low
408,EMP0414,1,0.8,2,0,0.0,0.0,0.0,0.0,0.0,1.0,3.0,2,0.0,0.0,1.0,1,4.5,0.0,0.0,2.0999999999999996,0.4999999999999982,-0.5919230664326427,6.917444437328996,0.0,0,Low,0.0038082074353495724,1.3867607799745119,0.660830684614168,2.4626166655993487,Low
409,EMP0415,0,0.0,0,0,0.0,0.0,0.0,0.0,13.0,0.0,0.0,2,0.0,0.0,0.74085117918135,1,10.0,0.0,0.0,0.0,5.0,-0.5919230664326427,5.621700333235745,10.0,0,Low,-0.9007001275193506,-1.030073993606097,0.8408990625193633,6.093255049985362,High
410,EMP0416,5,2.25,0,1,31.0,25.0,7.0,4.99,22.0,0.0,2.25,1,63.0,26.80851063829787,1.9460558416915155,0,0.0,2.9316666666666666,0.0,1.575,10.0,-0.9904552291920037,10.0,10.0,1,Medium,2.2788294485043386,0.9400732315922329,1.4031193030961917,4.5,Moderate
411,EMP0417,1,0.5,0,0,0.0,0.0,0.0,0.0,12.0,0.0,0.0,2,0.0,0.0,0.6069395500135538,1,6.0,0.0,0.0,0.0,5.0,-0.5919230664326427,4.952142187396765,10.0,0,Low,-0.335382418172663,-1.030073993606097,0.6524598260704676,4.792821328109515,Moderate
412,EMP0418,1,0.6666666666666666,1,1,4.0,25.0,0.0,8.76,27.0,0.6666666666666666,0.6666666666666666,2,29.0,37.82608695652174,2.6156139875304962,0,3.166666666666667,2.4266666666666667,0.7600000000000002,0.4666666666666666,1.666666666666667,2.0368322588540417,10.0,3.333333333333334,0,Low,-0.1469431817237672,-0.4929995994770728,0.8922583466849606,3.39,Moderate
413,EMP0419,0,0.0,2,1,17.0,17.0,2.0,7.12,11.0,0.75,1.5,2,36.0,22.5,0.47302792084575773,0,8.0,2.3866666666666667,0.0,1.0499999999999998,1.25,1.5446908509236579,2.374934714893721,2.5,0,Low,-0.9007001275193506,0.17834339318420744,0.8745781238757386,3.318740207234058,Moderate
414,EMP0420,0,0.0,0,1,19.0,4.0,8.0,9.79,8.0,0.0,2.4,2,31.0,12.4,0.07129303334236925,0,8.0,2.665,0.0,1.68,10.0,2.3459210699322703,1.0620385535459373,10.0,0,Low,-0.9007001275193506,0.90339382525839,1.383338340903337,5.55930578303189,Moderate
415,EMP0421,1,2.0,1,0,0.0,0.0,0.0,0.0,0.0,0.0,1.0,1,0.0,0.0,1.0,1,0.0,0.0,0.0,0.7,5.0,-0.5919230664326427,6.917444437328996,10.0,0,Low,1.3605707098673996,-0.22446240241256066,0.7256520595708675,3.2876166655993493,Moderate
416,EMP0422,0,0.0,2,1,14.0,14.0,6.0,6.07,13.0,0.8,0.8,2,34.0,37.77777777777778,0.74085117918135,0,8.0,2.145,0.14500000000000002,0.5599999999999999,0.9999999999999998,1.2296003153584731,3.995375696599388,1.9999999999999996,0,Low,-0.9007001275193506,-0.38558472065126786,0.8386283878430305,3.4855563544899075,Moderate
417,EMP0423,4,2.142857142857143,0,0,0.0,0.0,0.0,0.0,12.0,0.7142857142857143,2.142857142857143,1,0.0,0.0,0.6069395500135538,1,0.0,0.0,0.0,1.4999999999999998,8.928571428571427,-0.5919230664326427,4.952142187396765,2.8571428571428568,1,Low,1.5220900553950245,0.6962365589514807,0.9367498935930495,2.510678470966657,Low
418,EMP0424,2,0.5714285714285714,0,4,81.0,78.0,15.0,31.9,9.0,0.0,0.0,0,174.0,1740.0,0.2052046625101654,0,0.0,11.116666666666667,10.0,0.0,5.0,2.3000052631045325,7.655490886539756,10.0,1,High,0.02790825043188268,-1.0785702586849655,1.1354945907404603,5.898323632980963,Moderate
419,EMP0425,1,1.6666666666666667,0,1,28.0,2.0,0.0,4.47,4.0,0.0,0.0,1,30.0,300.0,0.4643534833288154,0,0.0,1.745,1.745,0.0,5.0,0.749462356402001,3.041572459283696,10.0,0,Low,0.983692236969608,-1.030073993606097,0.9210761956592353,3.142485868892554,Moderate
420,EMP0426,1,1.3333333333333333,2,0,0.0,0.0,0.0,0.0,0.0,0.0,4.0,1,0.0,0.0,1.0,1,1.833333333333334,0.0,0.0,2.8,9.0,-0.5919230664326427,6.917444437328996,10.0,0,Low,0.6068137640718162,2.192372371168048,1.1303697338908358,4.437616665599349,Moderate
421,EMP0427,0,0.0,2,0,0.0,0.0,0.0,0.0,11.0,0.0,0.0,2,0.0,0.0,0.47302792084575773,1,10.0,0.0,0.0,0.0,5.0,-0.5919230664326427,4.282584041557785,10.0,0,Low,-0.9007001275193506,-1.030073993606097,0.8408990625193633,5.892387606233668,Moderate
422,EMP0428,1,0.3333333333333333,0,4,140.0,59.0,20.0,21.06,5.0,0.0,0.0,0,219.0,2190.0,0.33044185416101923,0,0.0,10.809999999999999,10.0,0.0,5.0,0.6562479171128107,5.377334330603231,10.0,1,High,-0.37785000052811374,-1.0785702586849655,0.7042227254419634,5.556600149590484,Moderate
423,EMP0429,1,1.0,0,0,0.0,0.0,0.0,0.0,19.0,0.6,1.2,1,0.0,0.0,1.544320954188127,1,3.5,0.0,0.0,0.84,6.2,-0.5919230664326427,9.63904920826963,4.0,0,Low,0.22993529117402453,-0.06334008417385345,0.29506614726017355,4.025857381240444,Moderate
424,EMP0430,2,1.6666666666666667,2,1,30.0,25.0,2.0,6.25,0.0,0.0,4.0,1,57.0,13.902439024390246,1.0,0,0.0,2.9416666666666664,0.0,2.8,9.0,-0.5998226010420937,5.242892710973603,10.0,0,Medium,1.429201090362164,2.367126951717109,1.4653835477071222,3.6364339066460403,Moderate
425,EMP0431,1,1.6666666666666667,1,0,0.0,0.0,0.0,0.0,0.0,0.0,1.0,1,0.0,0.0,1.0,1,0.16666666666666607,0.0,0.0,0.7,5.0,-0.5919230664326427,6.917444437328996,10.0,0,Low,0.983692236969608,-0.22446240241256066,0.6000259019382704,3.337616665599349,Moderate
426,EMP0432,0,0.0,2,1,35.0,4.0,8.0,4.02,0.0,0.0,3.0,2,47.0,15.161290322580644,1.0,0,8.0,2.236666666666667,0.0,2.0999999999999996,5.499999999999998,-1.2911803476883632,5.840372766937207,10.0,0,Medium,-0.9983085043297645,1.5516676830743226,1.2803855116974834,5.601055915040581,Moderate
427,EMP0433,0,0.0,2,2,49.0,26.0,16.0,16.92,0.0,0.0,4.0,0,91.0,22.195121951219512,1.0,0,6.0,5.8533333333333335,0.0,2.8,9.0,0.028466052499736612,7.615901996260323,10.0,0,High,-0.9459115518721087,2.1965901606320295,1.0569892550012916,5.792385299439048,Moderate
428,EMP0434,0,0.0,1,1,23.0,12.0,4.0,8.69,0.0,1.0,1.0,2,39.0,35.45454545454545,1.0,0,8.0,2.748333333333333,0.24833333333333307,0.7,0.0,0.15664058362916042,5.410852282995542,0.0,0,Medium,-0.9983085043297645,-0.07925085421125004,0.4113999807233917,3.2737111757826645,Moderate
429,EMP0435,0,0.0,0,2,63.0,30.0,5.0,8.690000000000001,13.0,0.0,2.0,0,98.0,46.666666666666664,0.74085117918135,0,6.0,4.715,0.0,1.4,10.0,-1.21951577014896,4.115108178902292,10.0,0,High,-0.9459115518721087,0.5590099509735319,0.9081457576648669,5.417266226835343,Moderate
430,EMP0436,0,0.0,0,3,71.0,43.0,2.0,22.12,0.0,1.0,1.0,0,116.0,105.45454545454544,1.0,0,4.0,7.553333333333334,5.053333333333334,0.7,3.5,0.8169843365548061,9.00912903258801,0.0,1,High,-0.9459115518721087,-0.2597801538557168,0.6742253474275439,4.339702688221535,Moderate
431,EMP0437,2,1.0,1,0,0.0,0.0,0.0,0.0,4.0,0.0,0.0,1,0.0,0.0,0.4643534833288154,1,2.0,0.0,0.0,0.0,5.0,-0.5919230664326427,4.239211853973073,10.0,0,Low,0.22993529117402453,-1.030073993606097,0.6173107837375881,3.485881778095961,Moderate
432,EMP0438,4,1.3333333333333333,0,1,35.0,17.0,7.0,8.45,22.0,0.7777777777777778,0.7777777777777778,1,59.0,67.21518987341773,1.9460558416915155,0,0.0,3.375,1.4305555555555556,0.5444444444444444,3.833333333333333,0.0822343687434632,10.0,2.2222222222222223,1,Medium,0.943699171423778,-0.2604640250207581,0.4287991883959998,2.765972222222222,Low
433,EMP0439,2,2.5,0,0,0.0,0.0,0.0,0.0,0.0,0.0,0.0,1,0.0,0.0,1.0,1,0.0,0.0,0.0,0.0,5.0,-0.5919230664326427,6.917444437328996,10.0,0,Low,1.925888419214087,-1.030073993606097,1.1826284930842756,3.2876166655993493,Moderate
434,EMP0440,3,2.0,1,1,42.0,22.0,1.0,9.03,13.0,0.8333333333333334,3.333333333333333,1,65.0,18.932038834951456,0.74085117918135,0,0.0,3.671666666666667,0.0,2.333333333333333,7.499999999999998,0.26204938805056466,4.206203792816026,1.6666666666666663,1,Medium,1.9147030093005495,1.8234874392885845,1.3334132788798996,2.0059305689224036,Low
435,EMP0442,0,0.0,2,1,3.0,26.0,7.0,7.2,8.0,0.0,0.8,2,36.0,40.0,0.07129303334236925,0,8.0,2.4000000000000004,0.40000000000000036,0.5599999999999999,5.0,1.5686977488714815,0.3681043181442629,10.0,0,Low,-0.9007001275193506,-0.38558472065126786,0.9516608656807,4.8052156477216394,Moderate
436,EMP0443,1,1.0,1,1,14.0,23.0,2.0,9.15,12.0,0.0,0.0,2,39.0,390.0,0.6069395500135538,0,1.5,2.825,2.825,0.0,5.0,0.29925249549341354,3.5687970401230684,10.0,0,Medium,0.4581972524853925,-0.8947101228540364,0.5507199569442808,3.94156955601846,Moderate
437,EMP0444,3,2.0,2,0,0.0,0.0,0.0,0.0,0.0,0.0,1.0,1,0.0,0.0,1.0,1,0.0,0.0,0.0,0.7,5.0,-0.5919230664326427,6.917444437328996,10.0,0,Low,1.3605707098673996,-0.22446240241256066,0.7256520595708675,3.2876166655993493,Moderate
438,EMP0445,3,1.2,1,3,89.0,37.0,6.0,17.4,8.0,0.0,0.9,0,132.0,132.0,0.07129303334236925,0,0.0,7.300000000000001,5.050000000000001,0.63,5.0,0.10125235564328101,3.100972735556263,10.0,0,High,1.0991100329662733,-0.34165916433864163,0.5140071843160653,3.9776459103334396,Moderate
439,EMP0446,5,4.0,0,0,0.0,0.0,0.0,0.0,0.0,0.0,4.0,1,0.0,0.0,1.0,1,0.0,0.0,0.0,2.8,10.0,-0.5919230664326427,6.917444437328996,10.0,1,Low,3.62184154725415,2.192372371168048,2.1353789949516133,4.03761666559935,Moderate
440,EMP0447,1,0.5,2,3,69.0,28.0,11.0,20.02,7.0,0.875,0.875,0,108.0,110.76923076923077,0.0626185958254269,0,0.0,6.9366666666666665,4.7491666666666665,0.6124999999999999,0.625,0.498544260301797,3.7595726316597324,1.25,0,High,-0.0938192248561162,-0.3621289169593728,0.3181641340390953,2.0324775614156265,Low
441,EMP0448,1,1.3333333333333333,1,0,0.0,0.0,0.0,0.0,13.0,0.0,0.0,1,0.0,0.0,0.74085117918135,1,1.833333333333334,0.0,0.0,0.0,5.0,-0.5919230664326427,5.621700333235745,10.0,0,Low,0.6068137640718162,-1.030073993606097,0.7429369413701853,3.643255049985362,Moderate
442,EMP0449,2,1.0,0,1,22.0,26.0,2.0,6.84,8.0,0.0,0.0,1,50.0,500.0,0.07129303334236925,0,0.0,2.8066666666666666,2.8066666666666666,0.0,5.0,-0.4169073227814217,0.4412801947175003,10.0,0,Medium,0.4581972524853925,-0.8947101228540364,0.5899382327069502,3.017858695874292,Moderate
443,EMP0450,0,0.0,1,0,0.0,0.0,0.0,0.0,0.0,0.0,0.0,2,0.0,0.0,1.0,1,10.0,0.0,0.0,0.0,5.0,-0.5919230664326427,6.917444437328996,10.0,0,Low,-0.9007001275193506,-1.030073993606097,0.8408990625193633,6.28761666559935,High
444,EMP0451,2,1.6,0,0,0.0,0.0,0.0,0.0,10.0,0.0,0.0,1,0.0,0.0,0.33911629167796153,1,0.0,0.0,0.0,0.0,5.0,-0.5919230664326427,3.6130258957188035,10.0,0,Low,0.9083165423900497,-1.030073993606097,0.843437867476263,2.7919538843578207,Low
445,EMP0452,1,0.1666666666666666,1,0,0.0,0.0,0.0,0.0,22.0,0.0,0.5,2,0.0,0.0,1.9460558416915155,1,7.666666666666668,0.0,0.0,0.35,5.0,-0.5919230664326427,10.0,10.0,0,Low,-0.7122608910704548,-0.6272681980093288,0.6438173851708088,6.050000000000001,High
446,EMP0453,1,1.5,1,1,35.0,20.0,9.0,9.1,0.0,0.0,0.0,1,64.0,640.0,1.0,0,0.0,3.65,3.65,0.0,5.0,0.28375120072555976,5.520702876244456,10.0,0,Medium,1.186450130892971,-0.8947101228540364,0.7883038181575223,3.9906054314366686,Moderate
447,EMP0454,1,0.6,1,0,0.0,0.0,0.0,0.0,23.0,0.4,1.6,2,0.0,0.0,2.079967470859312,1,5.5,0.0,0.0,1.1199999999999999,3.5999999999999996,-0.5919230664326427,10.0,6.0,0,Low,-0.22231887630332553,0.25890455230356113,0.3577154983465098,4.59,Moderate
448,EMP0455,3,1.1428571428571428,3,0,0.0,0.0,0.0,0.0,0.0,1.0,3.0,1,0.0,0.0,1.0,1,0.0,0.0,0.0,2.0999999999999996,0.0,-0.5919230664326427,6.917444437328996,0.0,0,Low,0.3914546367016495,1.3867607799745119,0.7900461610362681,1.0376166655993493,Low
449,EMP0456,0,0.0,0,0,0.0,0.0,0.0,0.0,13.0,0.0,0.0,2,0.0,0.0,0.74085117918135,1,10.0,0.0,0.0,0.0,5.0,-0.5919230664326427,5.621700333235745,10.0,0,Low,-0.9007001275193506,-1.030073993606097,0.8408990625193633,6.093255049985362,High
450,EMP0457,0,0.0,1,1,8.0,22.0,3.0,4.28,0.0,1.0,1.0,2,33.0,29.999999999999996,1.0,0,8.0,1.8133333333333335,0.0,0.7,0.0,0.6924459737759201,5.7707114151208225,0.0,0,Low,-0.9007001275193506,-0.22446240241256066,0.6058695012359437,3.265606712268123,Moderate
451,EMP0458,1,0.4285714285714285,2,2,75.0,11.0,11.0,18.89,14.0,0.8571428571428571,1.7142857142857142,0,97.0,53.46456692913386,0.8747628083491462,0,2.3571428571428577,6.381666666666666,2.0959523809523803,1.2,0.7142857142857145,0.3271931716513686,7.517534742153273,1.428571428571429,0,High,-0.21554670014411528,0.3250699210223179,0.28926993093926723,2.6801897351325152,Low
452,EMP0459,0,0.0,1,1,17.0,9.0,3.0,9.02,0.0,0.0,0.0,2,29.0,290.0,1.0,0,8.0,2.4699999999999998,2.4699999999999998,0.0,5.0,2.1148546771844683,5.499268614147107,10.0,0,Low,-0.9007001275193506,-1.030073993606097,1.3485429327699718,6.092390292122066,High
453,EMP0460,0,0.0,2,0,0.0,0.0,0.0,0.0,14.0,0.8,1.6,2,0.0,0.0,0.8747628083491462,1,10.0,0.0,0.0,1.1199999999999999,0.9999999999999998,-0.5919230664326427,6.291258479074727,1.9999999999999996,0,Low,-0.9007001275193506,0.25890455230356113,0.5838425820851848,4.393688771861209,Moderate
454,EMP0461,1,0.3333333333333333,2,1,23.0,4.0,9.0,4.16,21.0,0.0,1.3333333333333333,2,36.0,25.11627906976744,1.8121442125237195,0,4.833333333333334,1.8933333333333333,0.0,0.9333333333333332,5.0,0.6564356268541847,9.863583870885444,10.0,0,Low,-0.5238216546215588,0.044074794651951354,0.40811069204256495,5.179537580632816,Moderate
455,EMP0462,1,0.6666666666666666,2,0,0.0,0.0,0.0,0.0,5.0,0.0,2.6666666666666665,2,0.0,0.0,0.33044185416101923,1,5.166666666666667,0.0,0.0,1.8666666666666665,5.0,-0.5919230664326427,3.569653708134092,10.0,0,Low,-0.1469431817237672,1.1182235829099996,0.6190299436888032,4.335448056220113,Moderate
456,EMP0463,3,1.2857142857142858,1,1,7.0,10.0,5.0,6.87,13.0,0.0,3.4285714285714284,1,22.0,6.234817813765182,0.74085117918135,0,0.0,1.8783333333333334,0.0,2.4,10.0,1.4696692948367092,3.781033075625898,10.0,0,Low,0.5529739822292746,1.732022890486027,1.2515553891840037,3.567154961343885,Moderate
457,EMP0464,1,1.5,2,1,44.0,4.0,2.0,7.28,0.0,0.0,3.0,1,50.0,16.129032258064516,1.0,0,0.0,2.88,0.0,2.0999999999999996,5.499999999999998,-0.28049592882431007,5.033073413529766,10.0,0,Medium,1.186450130892971,1.5516676830743226,1.0062045809305344,3.0799610120294645,Moderate
458,EMP0465,2,0.8,1,0,0.0,0.0,0.0,0.0,8.0,0.0,0.0,1,0.0,0.0,0.07129303334236925,1,3.0,0.0,0.0,0.0,5.0,-0.5919230664326427,2.273909604040842,10.0,0,Low,0.0038082074353495724,-1.030073993606097,0.5419350891580298,3.491086440606126,Moderate
459,EMP0466,2,0.8,0,2,76.0,22.0,10.0,12.1,0.0,0.0,1.0,0,108.0,98.18181818181817,1.0,0,0.0,5.616666666666666,3.1166666666666663,0.7,8.5,-0.7024297415666936,6.324487704895044,10.0,0,High,0.4174361713534794,-0.2597801538557168,0.45988202225862995,4.502839822400922,Moderate
460,EMP0467,1,0.4,2,1,22.0,9.0,6.0,9.58,0.0,1.0,3.0,2,37.0,11.935483870967742,1.0,0,4.5,2.83,0.0,2.0999999999999996,0.4999999999999982,0.4325636304969542,5.64930844882855,0.0,0,Medium,-0.4157062016037017,1.5516676830743226,0.7999791717249928,2.272396267324282,Low
461,EMP0468,2,1.3333333333333333,0,4,69.0,68.0,9.0,30.73,28.0,0.6666666666666666,2.6666666666666665,0,146.0,52.7710843373494,2.7495256166982927,0,0.0,9.988333333333333,3.321666666666667,1.8666666666666665,10.0,2.122588649192142,10.0,3.333333333333334,1,High,1.3263346535038714,1.1048700208596975,1.5179311078519035,4.330416666666667,Moderate
462,EMP0469,0,0.0,0,1,12.0,23.0,0.0,7.12,0.0,1.0,1.0,2,35.0,31.818181818181817,1.0,0,8.0,2.3533333333333335,0.0,0.7,3.5,1.5446908509236579,5.009795110664933,0.0,0,Low,-0.9007001275193506,-0.22446240241256066,0.8899511269518564,3.6764692665997396,Moderate
463,EMP0470,0,0.0,1,1,20.0,4.0,2.0,8.88,0.0,0.0,2.0,2,26.0,12.38095238095238,1.0,0,8.0,2.3466666666666667,0.0,1.4,7.0,2.072842605775777,5.461758655476746,10.0,0,Low,-0.9007001275193506,0.5811491887809755,1.1848973073587012,5.7692637983215125,Moderate
464,EMP0471,1,0.8571428571428571,3,2,34.0,27.0,7.0,13.79,0.0,0.0,4.0,0,68.0,16.585365853658537,1.0,0,0.2142857142857144,4.5649999999999995,0.0,2.8,5.0,-0.446161299248796,6.777286491701543,10.0,0,High,0.5148181515838784,2.1965901606320295,1.052523203821568,3.3308786880409453,Moderate
465,EMP0472,1,0.25,0,2,69.0,36.0,1.0,17.0,11.0,0.75,2.25,0,106.0,45.1063829787234,0.47302792084575773,0,3.25,6.366666666666666,0.7416666666666663,1.575,9.125,0.0405971030236605,5.002475862586461,2.5,0,High,-0.5198653883641124,0.7637074771808441,0.44138998952287234,3.6545380460546353,Moderate
466,EMP0473,2,0.2,0,1,41.0,26.0,7.0,7.65,17.0,0.7,2.1,0,74.0,33.63636363636363,1.2764976958525347,0,4.0,3.7416666666666667,0.0,1.47,8.85,-1.377219426959974,6.5146953549926785,3.0000000000000004,0,High,-0.6050746210657117,0.6408889614564568,0.8743943364940474,3.954704303248902,Moderate
467,EMP0474,1,1.6666666666666667,0,0,0.0,0.0,0.0,0.0,9.0,0.0,1.3333333333333333,1,0.0,0.0,0.2052046625101654,1,0.16666666666666607,0.0,0.0,0.9333333333333332,9.666666666666666,-0.5919230664326427,2.9434677498798227,10.0,0,Low,0.983692236969608,0.044074794651951354,0.5398966993514006,3.4415201624819733,Moderate
468,EMP0475,1,1.0,0,0,0.0,0.0,0.0,0.0,13.0,0.6666666666666666,1.3333333333333333,1,0.0,0.0,0.74085117918135,1,3.5,0.0,0.0,0.9333333333333332,6.333333333333333,-0.5919230664326427,5.621700333235745,3.333333333333334,0,Low,0.22993529117402453,0.044074794651951354,0.2886443840862062,3.3432550499853617,Moderate
469,EMP0476,0,0.0,0,0,0.0,0.0,0.0,0.0,7.0,0.0,2.0,2,0.0,0.0,0.0626185958254269,1,10.0,0.0,0.0,1.4,10.0,-0.5919230664326427,2.2305374164561305,10.0,0,Low,-0.9007001275193506,0.5811491887809755,0.6912574609109896,6.33458061246842,High
470,EMP0477,0,0.0,1,4,112.0,62.0,12.0,28.39,17.0,0.0,0.0,0,186.0,1860.0,1.2764976958525347,0,2.0,10.931666666666667,10.0,0.0,5.0,1.767755421367361,10.0,10.0,1,High,-0.9459115518721087,-1.0785702586849655,1.2640790773081452,6.85,High
471,EMP0478,2,1.2222222222222223,1,4,68.0,50.0,21.0,26.53,19.0,0.0,2.333333333333333,0,139.0,57.12328767123288,1.544320954188127,0,0.0,9.055,3.2216666666666676,1.633333333333333,8.166666666666664,1.4857084966861247,10.0,10.0,1,High,1.1369808030558732,0.8319399859166146,1.1515430952195376,5.0304166666666665,Moderate
472,EMP0479,2,0.625,1,1,34.0,11.0,0.0,5.04,10.0,0.75,0.75,1,45.0,52.94117647058824,0.33911629167796153,0,1.875,2.34,0.46499999999999986,0.5249999999999999,1.25,-0.9749539344241502,2.2626673835858147,2.5,0,Medium,-0.0879924063202914,-0.28311567137194665,0.4486873373721294,1.5806501075378723,Low
473,EMP0480,2,1.2,0,0,0.0,0.0,0.0,0.0,13.0,0.0,0.0,1,0.0,0.0,0.74085117918135,1,1.0,0.0,0.0,0.0,5.0,-0.5919230664326427,5.621700333235745,10.0,0,Low,0.4560623749126995,-1.030073993606097,0.6926864783171464,3.393255049985362,Moderate
474,EMP0481,1,1.0,2,1,8.0,29.0,5.0,4.9,20.0,0.6666666666666666,2.0,2,42.0,20.0,1.6782325833559233,0,1.5,2.216666666666667,0.0,1.4,1.666666666666667,-1.01835755977414,8.995758800645985,3.333333333333334,0,Medium,0.4581972524853925,0.7362084144315363,0.7375877422303563,2.5493638200968975,Low
475,EMP0482,0,0.0,0,1,22.0,4.0,1.0,8.52,15.0,0.0,2.0,2,27.0,12.857142857142856,1.0086744375169423,0,8.0,2.32,0.0,1.4,10.0,1.9648115650105706,5.408676663623387,10.0,0,Low,-0.9007001275193506,0.5811491887809755,1.1488869604369656,6.211301499543508,High
476,EMP0483,0,0.0,0,0,0.0,0.0,0.0,0.0,9.0,0.0,0.0,2,0.0,0.0,0.2052046625101654,1,10.0,0.0,0.0,0.0,5.0,-0.5919230664326427,2.9434677498798227,10.0,0,Low,-0.9007001275193506,-1.030073993606097,0.8408990625193633,5.691520162481973,Moderate
477,EMP0484,0,0.0,1,2,67.0,26.0,9.0,13.66,17.0,0.0,1.3333333333333333,0,102.0,71.16279069767442,1.2764976958525347,0,6.0,5.676666666666667,2.3433333333333337,0.9333333333333332,5.0,-0.4658742563501726,8.124944295056023,10.0,0,High,-0.9459115518721087,0.013149881087366052,0.4749785631032158,5.854574977591737,Moderate
478,EMP0485,0,0.0,1,1,45.0,6.0,3.0,9.46,0.0,0.0,0.0,2,54.0,540.0,1.0,0,8.0,3.3766666666666665,3.3766666666666665,0.0,5.0,0.39536052305410585,5.617157055682527,10.0,0,Medium,-0.9983085043297645,-0.8947101228540364,0.7627930500793023,6.336740225019046,High
479,EMP0486,0,0.0,0,0,0.0,0.0,0.0,0.0,0.0,0.0,0.0,2,0.0,0.0,1.0,1,10.0,0.0,0.0,0.0,5.0,-0.5919230664326427,6.917444437328996,10.0,0,Low,-0.9007001275193506,-1.030073993606097,0.8408990625193633,6.28761666559935,High
480,EMP0487,1,1.3333333333333333,1,1,27.0,11.0,0.0,5.45,0.0,1.0,1.0,1,38.0,34.54545454545454,1.0,0,0.0,2.1750000000000003,0.0,0.7,0.0,-0.8478433173277509,5.457235331947094,0.0,0,Medium,0.943699171423778,-0.07925085421125004,0.623597780987593,0.8185852997920641,Low
481,EMP0488,1,0.1111111111111111,5,0,0.0,0.0,0.0,0.0,4.0,0.0,0.0,2,0.0,0.0,0.4643534833288154,1,7.944444444444445,0.0,0.0,0.0,5.0,-0.5919230664326427,4.239211853973073,10.0,0,Low,-0.7750739698867533,-1.030073993606097,0.7990236766418309,5.269215111429294,Moderate
482,EMP0489,1,1.0,1,1,23.0,28.0,6.0,7.18,0.0,1.0,1.0,2,57.0,51.81818181818181,1.0,0,1.5,3.0966666666666667,0.5966666666666667,0.7,0.0,-0.3114985183600174,5.00628058590808,0.0,0,Medium,0.4581972524853925,-0.07925085421125004,0.28298220835222,1.3501087545528785,Low
483,EMP0490,1,0.1666666666666666,0,1,23.0,20.0,2.0,5.49,12.0,0.0,0.0,2,45.0,450.0,0.6069395500135538,0,5.666666666666668,2.415,2.415,0.0,5.0,-0.835442281513468,3.481215950966188,10.0,0,Medium,-0.7555575448605718,-0.8947101228540364,0.8285699830760254,5.075932392644928,Moderate
484,EMP0491,1,1.25,0,1,18.0,22.0,8.0,8.04,4.0,0.0,3.0,1,48.0,15.483870967741934,0.4643534833288154,0,0.25,2.94,0.0,2.0999999999999996,10.0,-0.04487624835293614,2.558466320098658,10.0,0,Medium,0.8223236916891817,1.5516676830743226,0.8062892077054803,3.4587699480147984,Moderate
485,EMP0492,0,0.0,1,0,0.0,0.0,0.0,0.0,13.0,0.0,0.0,2,0.0,0.0,0.74085117918135,1,10.0,0.0,0.0,0.0,5.0,-0.5919230664326427,5.621700333235745,10.0,0,Low,-0.9007001275193506,-1.030073993606097,0.8408990625193633,6.093255049985362,High
486,EMP0493,2,0.875,2,1,33.0,1.0,4.0,6.6,6.0,0.0,0.0,1,38.0,380.0,0.19653022499322306,0,0.625,2.366666666666667,2.366666666666667,0.0,5.0,-0.4913135376671189,1.1317689392638164,10.0,0,Medium,0.27613403288349786,-0.8947101228540364,0.5540525644682177,3.1989320075562393,Moderate
487,EMP0494,0,0.0,0,0,0.0,0.0,0.0,0.0,23.0,0.5,2.0,2,0.0,0.0,2.079967470859312,1,10.0,0.0,0.0,1.4,9.5,-0.5919230664326427,10.0,5.0,0,Low,-0.9007001275193506,0.5811491887809755,0.6912574609109896,6.675,High
488,EMP0495,0,0.0,2,1,5.0,16.0,0.0,5.21,19.0,0.0,2.6666666666666665,2,21.0,7.590361445783133,1.544320954188127,0,8.0,1.5683333333333334,0.0,1.8666666666666665,5.0,0.9715261624193694,8.243142889179776,10.0,0,Low,-0.9007001275193506,1.1182235829099996,0.9968166242829065,5.8864714333769665,Moderate
489,EMP0496,0,0.0,2,0,0.0,0.0,0.0,0.0,12.0,0.6666666666666666,2.0,2,0.0,0.0,0.6069395500135538,1,10.0,0.0,0.0,1.4,1.666666666666667,-0.5919230664326427,4.952142187396765,3.333333333333334,0,Low,-0.9007001275193506,0.5811491887809755,0.6912574609109896,4.492821328109515,Moderate
490,EMP0497,1,2.0,0,0,0.0,0.0,0.0,0.0,0.0,0.0,0.0,1,0.0,0.0,1.0,1,0.0,0.0,0.0,0.0,5.0,-0.5919230664326427,6.917444437328996,10.0,0,Low,1.3605707098673996,-1.030073993606097,0.9941892566353797,3.2876166655993493,Moderate
491,EMP0498,1,0.8333333333333334,4,0,0.0,0.0,0.0,0.0,13.0,0.0,0.8333333333333334,2,0.0,0.0,0.74085117918135,1,4.333333333333333,0.0,0.0,0.5833333333333334,5.0,-0.5919230664326427,5.621700333235745,10.0,0,Low,0.04149605472512873,-0.3587310009448167,0.3307167073675294,4.3932550499853615,Moderate
492,EMP0499,0,0.0,0,1,35.0,6.0,5.0,5.51,9.0,0.0,0.0,2,46.0,460.0,0.2052046625101654,0,8.0,2.4516666666666667,2.4516666666666667,0.0,5.0,-0.8292417636063267,1.4671829479249086,10.0,0,Medium,-0.9983085043297645,-0.8947101228540364,0.9074201302633759,5.482994108855403,Moderate
493,EMP0500,1,0.8333333333333334,1,2,76.0,30.0,13.0,17.93,19.0,0.6666666666666666,2.6666666666666665,0,119.0,43.01204819277108,1.544320954188127,0,0.33333333333333304,6.955,0.288333333333334,1.8666666666666665,5.999999999999999,0.18162056536427867,10.0,3.333333333333334,0,High,0.4742423264878789,1.1048700208596975,0.5869109709039516,3.0720833333333335,Moderate
